Epoch,Batch_Index,Loss
1,0,5.777956485748291
1,1,4.438486099243164
1,2,4.189024925231934
1,3,3.849440097808838
1,4,3.7047009468078613
1,5,3.64370059967041
1,6,3.3997159004211426
1,7,3.3797104358673096
1,8,3.3671607971191406
1,9,3.199694871902466
1,10,3.0263381004333496
1,11,3.066253662109375
1,12,3.047856092453003
1,13,3.0231878757476807
1,14,3.02716064453125
1,15,3.0682032108306885
1,16,3.0017218589782715
1,17,3.0596702098846436
1,18,2.857759475708008
1,19,2.747570753097534
1,20,2.763517379760742
1,21,2.667142868041992
1,22,2.5733771324157715
1,23,2.765280246734619
1,24,2.78761625289917
1,25,2.803830623626709
1,26,2.694420337677002
1,27,2.578368663787842
1,28,2.8774707317352295
1,29,2.757709503173828
1,30,2.7615747451782227
1,31,2.666961669921875
1,32,2.7270846366882324
1,33,2.573880434036255
1,34,2.8220531940460205
1,35,2.544523000717163
1,36,2.689709186553955
1,37,2.6297481060028076
1,38,2.7528717517852783
1,39,2.5637288093566895
1,40,2.6189212799072266
1,41,2.660236358642578
1,42,2.618868589401245
1,43,2.673027753829956
1,44,2.7771034240722656
1,45,2.587279796600342
1,46,2.549417734146118
1,47,2.630453109741211
1,48,2.6319925785064697
1,49,2.553915500640869
1,50,2.5541458129882812
1,51,2.693953275680542
1,52,2.508704662322998
1,53,2.634279727935791
1,54,2.389268398284912
1,55,2.4856956005096436
1,56,2.66001033782959
1,57,2.7972443103790283
1,58,2.371636152267456
1,59,2.4080898761749268
1,60,2.468428373336792
1,61,2.2624588012695312
1,62,2.399350643157959
1,63,2.477999448776245
1,64,2.578364849090576
1,65,2.367940902709961
1,66,2.5553336143493652
1,67,2.714049816131592
1,68,2.505652666091919
1,69,2.5908749103546143
1,70,2.4321725368499756
1,71,2.512944459915161
1,72,2.317821741104126
1,73,2.119774341583252
1,74,2.420578956604004
1,75,2.2761502265930176
1,76,2.160045623779297
1,77,2.2748794555664062
1,78,2.3322410583496094
1,79,2.2039027214050293
1,80,2.347259283065796
1,81,2.262869358062744
1,82,2.3640458583831787
1,83,2.415189027786255
1,84,2.362520456314087
1,85,2.3324995040893555
1,86,2.3663997650146484
1,87,2.185401678085327
1,88,2.2664263248443604
1,89,2.370854616165161
1,90,2.2488534450531006
1,91,2.2051010131835938
1,92,2.22684907913208
1,93,2.114532470703125
1,94,2.126901149749756
1,95,2.2318453788757324
1,96,2.2681937217712402
1,97,2.3022470474243164
1,98,2.5070290565490723
1,99,2.063340187072754
1,100,2.128467559814453
1,101,2.0965945720672607
1,102,2.1880500316619873
1,103,2.158280849456787
2,0,2.1825361251831055
2,1,2.01584529876709
2,2,2.1870241165161133
2,3,1.9999566078186035
2,4,2.1639416217803955
2,5,2.2490601539611816
2,6,2.1616411209106445
2,7,2.1092147827148438
2,8,2.1194732189178467
2,9,2.0713839530944824
2,10,2.3675739765167236
2,11,2.068777561187744
2,12,2.1143152713775635
2,13,1.9959484338760376
2,14,2.1198506355285645
2,15,2.080077648162842
2,16,2.067882776260376
2,17,2.121767997741699
2,18,2.0358481407165527
2,19,2.0424273014068604
2,20,2.2443552017211914
2,21,2.098473310470581
2,22,2.159646987915039
2,23,1.9703047275543213
2,24,2.10040283203125
2,25,2.196619987487793
2,26,2.1189794540405273
2,27,2.0514883995056152
2,28,2.0602259635925293
2,29,2.1126527786254883
2,30,2.132863759994507
2,31,2.2506933212280273
2,32,2.016043186187744
2,33,2.114814043045044
2,34,1.8910534381866455
2,35,1.9830492734909058
2,36,1.8473381996154785
2,37,2.1680142879486084
2,38,1.9850800037384033
2,39,2.13199782371521
2,40,1.99053156375885
2,41,2.133561372756958
2,42,1.9802882671356201
2,43,2.104749917984009
2,44,2.0881524085998535
2,45,2.0739738941192627
2,46,1.8803040981292725
2,47,1.8939286470413208
2,48,1.9841394424438477
2,49,1.9425594806671143
2,50,1.9406983852386475
2,51,1.9661647081375122
2,52,2.0718069076538086
2,53,1.9772945642471313
2,54,2.1279869079589844
2,55,1.9916893243789673
2,56,1.9561383724212646
2,57,2.140852451324463
2,58,1.9215317964553833
2,59,1.9278159141540527
2,60,2.0239450931549072
2,61,2.0080580711364746
2,62,1.9705324172973633
2,63,1.981285810470581
2,64,1.7622101306915283
2,65,2.025303840637207
2,66,2.0233500003814697
2,67,2.007734775543213
2,68,1.933687686920166
2,69,1.9487578868865967
2,70,1.953197956085205
2,71,2.0481367111206055
2,72,2.080899477005005
2,73,1.7234728336334229
2,74,1.8858667612075806
2,75,1.9561681747436523
2,76,1.9236969947814941
2,77,2.013794422149658
2,78,2.000025510787964
2,79,1.8131108283996582
2,80,1.9592220783233643
2,81,2.1313271522521973
2,82,1.845164179801941
2,83,2.001119375228882
2,84,1.8735300302505493
2,85,1.9448503255844116
2,86,1.9762094020843506
2,87,1.9220266342163086
2,88,1.931538701057434
2,89,1.977939248085022
2,90,2.0065293312072754
2,91,2.0190372467041016
2,92,1.9244279861450195
2,93,1.915453553199768
2,94,1.8537901639938354
2,95,1.791164517402649
2,96,1.855905294418335
2,97,1.9609410762786865
2,98,2.108980655670166
2,99,1.9506394863128662
2,100,2.0386297702789307
2,101,2.026226758956909
2,102,2.0622177124023438
2,103,1.8593804836273193
3,0,1.9308733940124512
3,1,1.7719752788543701
3,2,1.759535551071167
3,3,1.9490392208099365
3,4,1.9133355617523193
3,5,1.92909574508667
3,6,1.7996063232421875
3,7,1.6391888856887817
3,8,1.8575565814971924
3,9,1.8438081741333008
3,10,1.8009285926818848
3,11,1.719649076461792
3,12,1.7998590469360352
3,13,1.8610206842422485
3,14,1.7639795541763306
3,15,1.779868721961975
3,16,1.8905874490737915
3,17,1.7642769813537598
3,18,1.8230170011520386
3,19,1.788231611251831
3,20,1.7907962799072266
3,21,1.6911171674728394
3,22,1.8640267848968506
3,23,1.960093379020691
3,24,1.6401005983352661
3,25,1.76438307762146
3,26,1.7168270349502563
3,27,1.7756752967834473
3,28,1.822572946548462
3,29,1.7390415668487549
3,30,1.8880966901779175
3,31,1.8267611265182495
3,32,1.8256741762161255
3,33,1.8588346242904663
3,34,1.75894296169281
3,35,1.961672306060791
3,36,1.8005528450012207
3,37,1.7837324142456055
3,38,1.8076865673065186
3,39,1.9275130033493042
3,40,1.785041332244873
3,41,1.8554010391235352
3,42,1.7668676376342773
3,43,1.8676912784576416
3,44,1.8044941425323486
3,45,1.8428395986557007
3,46,1.8197674751281738
3,47,1.8214733600616455
3,48,1.6758263111114502
3,49,1.9007573127746582
3,50,1.8733807802200317
3,51,1.8410005569458008
3,52,1.775418996810913
3,53,1.7816214561462402
3,54,1.8133511543273926
3,55,1.8478212356567383
3,56,1.9892348051071167
3,57,1.8033819198608398
3,58,1.9018384218215942
3,59,1.8201297521591187
3,60,1.918309211730957
3,61,1.8480501174926758
3,62,1.7952260971069336
3,63,1.7564280033111572
3,64,1.7432582378387451
3,65,1.7659249305725098
3,66,1.6984570026397705
3,67,1.8944802284240723
3,68,1.8558645248413086
3,69,1.8336386680603027
3,70,1.592249870300293
3,71,1.7868192195892334
3,72,1.8465793132781982
3,73,1.7928712368011475
3,74,1.8799735307693481
3,75,1.8274202346801758
3,76,1.7847239971160889
3,77,1.9162366390228271
3,78,1.8723678588867188
3,79,1.7895143032073975
3,80,1.9137786626815796
3,81,1.765683889389038
3,82,1.806748867034912
3,83,1.7508771419525146
3,84,2.0469613075256348
3,85,1.730567455291748
3,86,1.9892017841339111
3,87,1.7990868091583252
3,88,1.736543893814087
3,89,1.9245142936706543
3,90,1.873366117477417
3,91,1.7319579124450684
3,92,1.8868063688278198
3,93,1.7926244735717773
3,94,1.7859601974487305
3,95,1.708104133605957
3,96,1.844209909439087
3,97,1.8237810134887695
3,98,1.8508353233337402
3,99,1.7229963541030884
3,100,1.7783985137939453
3,101,1.7411736249923706
3,102,1.8269230127334595
3,103,1.8343701362609863
4,0,1.6421191692352295
4,1,1.6759378910064697
4,2,1.7707252502441406
4,3,1.6732378005981445
4,4,1.7763175964355469
4,5,1.5754207372665405
4,6,1.683046579360962
4,7,1.7346351146697998
4,8,1.760823130607605
4,9,1.7239139080047607
4,10,1.675673246383667
4,11,1.8875069618225098
4,12,1.8699090480804443
4,13,1.7752885818481445
4,14,1.8875317573547363
4,15,1.680944800376892
4,16,1.7541613578796387
4,17,1.6130900382995605
4,18,1.6124114990234375
4,19,1.623056173324585
4,20,1.7758464813232422
4,21,1.6110522747039795
4,22,1.8569709062576294
4,23,1.6565649509429932
4,24,1.681076169013977
4,25,1.7069087028503418
4,26,1.7151679992675781
4,27,1.6840964555740356
4,28,1.6768887042999268
4,29,1.7061197757720947
4,30,1.6968226432800293
4,31,1.6889883279800415
4,32,1.764017939567566
4,33,1.70924973487854
4,34,1.818002462387085
4,35,1.6616719961166382
4,36,1.68623685836792
4,37,1.677714467048645
4,38,1.7134283781051636
4,39,1.6703300476074219
4,40,1.6786218881607056
4,41,1.5958062410354614
4,42,1.801649808883667
4,43,1.6964619159698486
4,44,1.7164171934127808
4,45,1.6609828472137451
4,46,1.8795604705810547
4,47,1.7681682109832764
4,48,1.6746023893356323
4,49,1.7561968564987183
4,50,1.7529687881469727
4,51,1.7379534244537354
4,52,1.930710792541504
4,53,1.703246831893921
4,54,1.6698700189590454
4,55,1.732445478439331
4,56,1.6844587326049805
4,57,1.8220007419586182
4,58,1.6331285238265991
4,59,1.6902737617492676
4,60,1.8807075023651123
4,61,1.721306324005127
4,62,1.693467617034912
4,63,1.594539999961853
4,64,1.6602051258087158
4,65,1.640186071395874
4,66,1.7306082248687744
4,67,1.7111189365386963
4,68,1.730340838432312
4,69,1.699136734008789
4,70,1.7347815036773682
4,71,1.661041498184204
4,72,1.6050238609313965
4,73,1.6266149282455444
4,74,1.7156341075897217
4,75,1.6847401857376099
4,76,1.7776241302490234
4,77,1.598771095275879
4,78,1.6511616706848145
4,79,1.718123435974121
4,80,1.6654086112976074
4,81,1.7133278846740723
4,82,1.7819304466247559
4,83,1.7655718326568604
4,84,1.8187941312789917
4,85,1.7947951555252075
4,86,1.8200714588165283
4,87,1.6631495952606201
4,88,1.801688313484192
4,89,1.7496421337127686
4,90,1.6649973392486572
4,91,1.7832906246185303
4,92,1.62519371509552
4,93,1.7949042320251465
4,94,1.7973703145980835
4,95,1.7758870124816895
4,96,1.8422775268554688
4,97,1.7997701168060303
4,98,1.806389331817627
4,99,1.74717116355896
4,100,1.8452227115631104
4,101,1.8980598449707031
4,102,1.6501432657241821
4,103,1.8447315692901611
5,0,1.716249704360962
5,1,1.6254007816314697
5,2,1.7325447797775269
5,3,1.8333332538604736
5,4,1.6322929859161377
5,5,1.80519437789917
5,6,1.6901684999465942
5,7,1.6846206188201904
5,8,1.6706792116165161
5,9,1.5854170322418213
5,10,1.618095874786377
5,11,1.5702128410339355
5,12,1.508937120437622
5,13,1.608642816543579
5,14,1.5193469524383545
5,15,1.6099270582199097
5,16,1.8176524639129639
5,17,1.6660780906677246
5,18,1.7369799613952637
5,19,1.7009944915771484
5,20,1.5929392576217651
5,21,1.6767122745513916
5,22,1.664290428161621
5,23,1.5851116180419922
5,24,1.5966606140136719
5,25,1.5494060516357422
5,26,1.6922030448913574
5,27,1.641573429107666
5,28,1.6735243797302246
5,29,1.6295450925827026
5,30,1.7031543254852295
5,31,1.6749415397644043
5,32,1.665878415107727
5,33,1.7524588108062744
5,34,1.6632529497146606
5,35,1.7387664318084717
5,36,1.7827695608139038
5,37,1.6677935123443604
5,38,1.56654691696167
5,39,1.668980598449707
5,40,1.7301156520843506
5,41,1.6275399923324585
5,42,1.7464625835418701
5,43,1.663822889328003
5,44,1.7944040298461914
5,45,1.593875527381897
5,46,1.698980450630188
5,47,1.6774952411651611
5,48,1.6791331768035889
5,49,1.8648993968963623
5,50,1.622994303703308
5,51,1.7647061347961426
5,52,1.6353511810302734
5,53,1.653963565826416
5,54,1.7913360595703125
5,55,1.6515084505081177
5,56,1.5130126476287842
5,57,1.5213607549667358
5,58,1.6382217407226562
5,59,1.654868483543396
5,60,1.6536242961883545
5,61,1.6475385427474976
5,62,1.7275196313858032
5,63,1.6263569593429565
5,64,1.6429556608200073
5,65,1.769117832183838
5,66,1.8030250072479248
5,67,1.6567347049713135
5,68,1.7220525741577148
5,69,1.564774513244629
5,70,1.6750271320343018
5,71,1.6252377033233643
5,72,1.5757243633270264
5,73,1.7650935649871826
5,74,1.6004908084869385
5,75,1.8185203075408936
5,76,1.6474591493606567
5,77,1.6275784969329834
5,78,1.6924669742584229
5,79,1.673940658569336
5,80,1.6258833408355713
5,81,1.6569527387619019
5,82,1.6185896396636963
5,83,1.717432975769043
5,84,1.6881797313690186
5,85,1.742340326309204
5,86,1.7865240573883057
5,87,1.7095990180969238
5,88,1.711382269859314
5,89,1.631943941116333
5,90,1.7189795970916748
5,91,1.6316049098968506
5,92,1.6215471029281616
5,93,1.6728270053863525
5,94,1.814063310623169
5,95,1.693159818649292
5,96,1.7222005128860474
5,97,1.5644505023956299
5,98,1.7467601299285889
5,99,1.537013053894043
5,100,1.4883968830108643
5,101,1.6460142135620117
5,102,1.6396126747131348
5,103,1.4690752029418945
6,0,1.660106897354126
6,1,1.6423567533493042
6,2,1.6932579278945923
6,3,1.620937705039978
6,4,1.6068490743637085
6,5,1.6286821365356445
6,6,1.6569907665252686
6,7,1.5979576110839844
6,8,1.6095092296600342
6,9,1.6608041524887085
6,10,1.6057074069976807
6,11,1.740307331085205
6,12,1.6193172931671143
6,13,1.7469956874847412
6,14,1.6637593507766724
6,15,1.5421288013458252
6,16,1.7160749435424805
6,17,1.6200125217437744
6,18,1.5658470392227173
6,19,1.706852912902832
6,20,1.6595783233642578
6,21,1.698745608329773
6,22,1.6075267791748047
6,23,1.616060495376587
6,24,1.7195582389831543
6,25,1.779667615890503
6,26,1.5618622303009033
6,27,1.6069262027740479
6,28,1.6490672826766968
6,29,1.6731784343719482
6,30,1.6044325828552246
6,31,1.5720646381378174
6,32,1.6093568801879883
6,33,1.5441651344299316
6,34,1.6435513496398926
6,35,1.5221638679504395
6,36,1.5679433345794678
6,37,1.5339453220367432
6,38,1.797044038772583
6,39,1.6291794776916504
6,40,1.672098159790039
6,41,1.657686471939087
6,42,1.8066964149475098
6,43,1.5507373809814453
6,44,1.601723551750183
6,45,1.6646063327789307
6,46,1.6475763320922852
6,47,1.6592841148376465
6,48,1.715282678604126
6,49,1.5656903982162476
6,50,1.7308080196380615
6,51,1.6419923305511475
6,52,1.5747454166412354
6,53,1.6473006010055542
6,54,1.7254953384399414
6,55,1.6367084980010986
6,56,1.6302276849746704
6,57,1.561535120010376
6,58,1.7468981742858887
6,59,1.7666294574737549
6,60,1.686071753501892
6,61,1.638482928276062
6,62,1.7217843532562256
6,63,1.5534629821777344
6,64,1.6538028717041016
6,65,1.6589136123657227
6,66,1.660794973373413
6,67,1.9068388938903809
6,68,1.7045578956604004
6,69,1.6180555820465088
6,70,1.60520601272583
6,71,1.7067625522613525
6,72,1.6741164922714233
6,73,1.731701374053955
6,74,1.6556758880615234
6,75,1.6524763107299805
6,76,1.7239775657653809
6,77,1.6073343753814697
6,78,1.6439889669418335
6,79,1.6063969135284424
6,80,1.687570571899414
6,81,1.779646396636963
6,82,1.6135607957839966
6,83,1.737596035003662
6,84,1.6405537128448486
6,85,1.6702214479446411
6,86,1.584160327911377
6,87,1.5728862285614014
6,88,1.6379873752593994
6,89,1.743427038192749
6,90,1.585143804550171
6,91,1.7360262870788574
6,92,1.7666023969650269
6,93,1.5817677974700928
6,94,1.733541488647461
6,95,1.7994238138198853
6,96,1.7717492580413818
6,97,1.7451415061950684
6,98,1.6335363388061523
6,99,1.6262263059616089
6,100,1.5925812721252441
6,101,1.6446090936660767
6,102,1.6508910655975342
6,103,1.588584303855896
7,0,1.5631103515625
7,1,1.5382087230682373
7,2,1.587571620941162
7,3,1.5236759185791016
7,4,1.7275272607803345
7,5,1.5859808921813965
7,6,1.616225004196167
7,7,1.628770112991333
7,8,1.664962887763977
7,9,1.5811102390289307
7,10,1.5316311120986938
7,11,1.5434589385986328
7,12,1.5571457147598267
7,13,1.6191744804382324
7,14,1.5175838470458984
7,15,1.5598772764205933
7,16,1.5854363441467285
7,17,1.5835801362991333
7,18,1.6695175170898438
7,19,1.5039139986038208
7,20,1.5658953189849854
7,21,1.5554852485656738
7,22,1.5695412158966064
7,23,1.6613757610321045
7,24,1.5706498622894287
7,25,1.6222656965255737
7,26,1.4929417371749878
7,27,1.5856406688690186
7,28,1.6346471309661865
7,29,1.504776954650879
7,30,1.6212430000305176
7,31,1.6428189277648926
7,32,1.5883140563964844
7,33,1.6513698101043701
7,34,1.697258710861206
7,35,1.5481597185134888
7,36,1.539656162261963
7,37,1.6219402551651
7,38,1.5245240926742554
7,39,1.5854933261871338
7,40,1.5215994119644165
7,41,1.6608531475067139
7,42,1.5884873867034912
7,43,1.5950870513916016
7,44,1.545015811920166
7,45,1.6108365058898926
7,46,1.6815745830535889
7,47,1.720121145248413
7,48,1.542590856552124
7,49,1.7282335758209229
7,50,1.6702663898468018
7,51,1.6373649835586548
7,52,1.7491270303726196
7,53,1.6740367412567139
7,54,1.6490106582641602
7,55,1.6797845363616943
7,56,1.6255958080291748
7,57,1.6232290267944336
7,58,1.5594103336334229
7,59,1.6722590923309326
7,60,1.560123085975647
7,61,1.815424919128418
7,62,1.6747798919677734
7,63,1.4790492057800293
7,64,1.6163363456726074
7,65,1.626407504081726
7,66,1.55772066116333
7,67,1.6715362071990967
7,68,1.6441712379455566
7,69,1.656217098236084
7,70,1.685424566268921
7,71,1.6655000448226929
7,72,1.5199649333953857
7,73,1.520064115524292
7,74,1.711597204208374
7,75,1.595719337463379
7,76,1.6442174911499023
7,77,1.541175127029419
7,78,1.7034757137298584
7,79,1.7479671239852905
7,80,1.4882428646087646
7,81,1.6121325492858887
7,82,1.480065107345581
7,83,1.5723145008087158
7,84,1.5657469034194946
7,85,1.4707603454589844
7,86,1.5284054279327393
7,87,1.4532074928283691
7,88,1.6039037704467773
7,89,1.552403211593628
7,90,1.63498854637146
7,91,1.6023776531219482
7,92,1.5947272777557373
7,93,1.5790657997131348
7,94,1.6165273189544678
7,95,1.5041189193725586
7,96,1.7158112525939941
7,97,1.7269701957702637
7,98,1.608318567276001
7,99,1.5612424612045288
7,100,1.5889208316802979
7,101,1.519557237625122
7,102,1.5857174396514893
7,103,1.6988880634307861
8,0,1.5903093814849854
8,1,1.6991932392120361
8,2,1.5765302181243896
8,3,1.5604627132415771
8,4,1.4754925966262817
8,5,1.5032988786697388
8,6,1.5972890853881836
8,7,1.5368658304214478
8,8,1.5534577369689941
8,9,1.6139870882034302
8,10,1.6446435451507568
8,11,1.6171417236328125
8,12,1.5929017066955566
8,13,1.4774589538574219
8,14,1.5424365997314453
8,15,1.6748110055923462
8,16,1.4814815521240234
8,17,1.5040283203125
8,18,1.5650074481964111
8,19,1.5081915855407715
8,20,1.490204095840454
8,21,1.5838072299957275
8,22,1.5617507696151733
8,23,1.5615284442901611
8,24,1.5574567317962646
8,25,1.6166226863861084
8,26,1.5911931991577148
8,27,1.459463357925415
8,28,1.5527703762054443
8,29,1.6053411960601807
8,30,1.5195943117141724
8,31,1.5209639072418213
8,32,1.6809930801391602
8,33,1.4153392314910889
8,34,1.524867296218872
8,35,1.506455421447754
8,36,1.4356985092163086
8,37,1.4321868419647217
8,38,1.5821149349212646
8,39,1.6208232641220093
8,40,1.5960619449615479
8,41,1.5250062942504883
8,42,1.5899885892868042
8,43,1.4782763719558716
8,44,1.5352158546447754
8,45,1.7467963695526123
8,46,1.533511757850647
8,47,1.4995501041412354
8,48,1.5736881494522095
8,49,1.5032634735107422
8,50,1.4492721557617188
8,51,1.6429717540740967
8,52,1.5226032733917236
8,53,1.4734745025634766
8,54,1.4969899654388428
8,55,1.6628214120864868
8,56,1.5847349166870117
8,57,1.6005890369415283
8,58,1.4763624668121338
8,59,1.5315163135528564
8,60,1.418189525604248
8,61,1.5963561534881592
8,62,1.4133245944976807
8,63,1.4052271842956543
8,64,1.5440411567687988
8,65,1.5406444072723389
8,66,1.4922990798950195
8,67,1.486233115196228
8,68,1.5310020446777344
8,69,1.606266975402832
8,70,1.3961880207061768
8,71,1.4413156509399414
8,72,1.633678674697876
8,73,1.4984407424926758
8,74,1.4436312913894653
8,75,1.5061875581741333
8,76,1.4449331760406494
8,77,1.6197171211242676
8,78,1.5373822450637817
8,79,1.4881504774093628
8,80,1.5888514518737793
8,81,1.6205532550811768
8,82,1.6264638900756836
8,83,1.5530322790145874
8,84,1.59098482131958
8,85,1.6416170597076416
8,86,1.4856582880020142
8,87,1.5632200241088867
8,88,1.6913559436798096
8,89,1.4660255908966064
8,90,1.5774626731872559
8,91,1.6061325073242188
8,92,1.6040458679199219
8,93,1.4641079902648926
8,94,1.5955781936645508
8,95,1.499476432800293
8,96,1.5537095069885254
8,97,1.6371079683303833
8,98,1.5303375720977783
8,99,1.4954392910003662
8,100,1.7778022289276123
8,101,1.585497260093689
8,102,1.5258243083953857
8,103,1.6954810619354248
9,0,1.4355010986328125
9,1,1.5344990491867065
9,2,1.472670078277588
9,3,1.5737067461013794
9,4,1.447052001953125
9,5,1.4016441106796265
9,6,1.4386954307556152
9,7,1.5187005996704102
9,8,1.5067620277404785
9,9,1.5743789672851562
9,10,1.5638214349746704
9,11,1.5539889335632324
9,12,1.4172461032867432
9,13,1.5221142768859863
9,14,1.412055492401123
9,15,1.560495138168335
9,16,1.5288039445877075
9,17,1.4731011390686035
9,18,1.554072380065918
9,19,1.4832546710968018
9,20,1.435598611831665
9,21,1.5200790166854858
9,22,1.5145370960235596
9,23,1.6301162242889404
9,24,1.4753477573394775
9,25,1.5630125999450684
9,26,1.5176610946655273
9,27,1.6015559434890747
9,28,1.5601255893707275
9,29,1.5127713680267334
9,30,1.5963900089263916
9,31,1.5968554019927979
9,32,1.4784215688705444
9,33,1.5594855546951294
9,34,1.6010057926177979
9,35,1.501983642578125
9,36,1.6543083190917969
9,37,1.497358798980713
9,38,1.5090622901916504
9,39,1.5563983917236328
9,40,1.468336820602417
9,41,1.5654358863830566
9,42,1.6350244283676147
9,43,1.418931007385254
9,44,1.6304646730422974
9,45,1.6068742275238037
9,46,1.517020344734192
9,47,1.5772855281829834
9,48,1.6713318824768066
9,49,1.5736782550811768
9,50,1.5460468530654907
9,51,1.57277250289917
9,52,1.5280684232711792
9,53,1.6333277225494385
9,54,1.4818224906921387
9,55,1.477715015411377
9,56,1.5422645807266235
9,57,1.6605743169784546
9,58,1.4743156433105469
9,59,1.560463786125183
9,60,1.591385841369629
9,61,1.5953716039657593
9,62,1.5345473289489746
9,63,1.5358538627624512
9,64,1.5808823108673096
9,65,1.5465924739837646
9,66,1.567401647567749
9,67,1.5736243724822998
9,68,1.553133487701416
9,69,1.6672579050064087
9,70,1.59306001663208
9,71,1.4964993000030518
9,72,1.5049197673797607
9,73,1.4512280225753784
9,74,1.582275152206421
9,75,1.5390589237213135
9,76,1.5651872158050537
9,77,1.508613109588623
9,78,1.5083962678909302
9,79,1.534334421157837
9,80,1.5073542594909668
9,81,1.4654042720794678
9,82,1.4179699420928955
9,83,1.4462226629257202
9,84,1.5715277194976807
9,85,1.5635161399841309
9,86,1.4509902000427246
9,87,1.4713373184204102
9,88,1.4808647632598877
9,89,1.5334577560424805
9,90,1.4698998928070068
9,91,1.4930424690246582
9,92,1.5140948295593262
9,93,1.4349772930145264
9,94,1.3820092678070068
9,95,1.5238310098648071
9,96,1.4812657833099365
9,97,1.4554848670959473
9,98,1.4236128330230713
9,99,1.4995620250701904
9,100,1.5990879535675049
9,101,1.4183120727539062
9,102,1.4469362497329712
9,103,1.517056941986084
10,0,1.5748834609985352
10,1,1.419748306274414
10,2,1.564638614654541
10,3,1.458258867263794
10,4,1.5718873739242554
10,5,1.5579962730407715
10,6,1.5076229572296143
10,7,1.3317413330078125
10,8,1.4563963413238525
10,9,1.3743133544921875
10,10,1.4568861722946167
10,11,1.354233980178833
10,12,1.4616258144378662
10,13,1.5190402269363403
10,14,1.3807058334350586
10,15,1.547499656677246
10,16,1.4787359237670898
10,17,1.4328267574310303
10,18,1.4408440589904785
10,19,1.5982139110565186
10,20,1.4657950401306152
10,21,1.401509165763855
10,22,1.434648036956787
10,23,1.5041613578796387
10,24,1.4787410497665405
10,25,1.3621877431869507
10,26,1.4208685159683228
10,27,1.401356816291809
10,28,1.5964272022247314
10,29,1.4807039499282837
10,30,1.458204746246338
10,31,1.520954966545105
10,32,1.49032461643219
10,33,1.4758858680725098
10,34,1.5652434825897217
10,35,1.5901286602020264
10,36,1.4939992427825928
10,37,1.3687198162078857
10,38,1.5187329053878784
10,39,1.6009554862976074
10,40,1.583631992340088
10,41,1.4843339920043945
10,42,1.454561710357666
10,43,1.514108419418335
10,44,1.4869272708892822
10,45,1.3006093502044678
10,46,1.4355359077453613
10,47,1.4508492946624756
10,48,1.4751002788543701
10,49,1.5122218132019043
10,50,1.4891221523284912
10,51,1.4040098190307617
10,52,1.568602442741394
10,53,1.441124439239502
10,54,1.4411994218826294
10,55,1.4187421798706055
10,56,1.3897943496704102
10,57,1.3831579685211182
10,58,1.3792921304702759
10,59,1.564462661743164
10,60,1.450065016746521
10,61,1.4730470180511475
10,62,1.4416379928588867
10,63,1.4970078468322754
10,64,1.4691381454467773
10,65,1.3741707801818848
10,66,1.438941240310669
10,67,1.53425133228302
10,68,1.4722700119018555
10,69,1.3827872276306152
10,70,1.4884750843048096
10,71,1.572828769683838
10,72,1.5083121061325073
10,73,1.447420597076416
10,74,1.5960052013397217
10,75,1.6559473276138306
10,76,1.5202462673187256
10,77,1.5256723165512085
10,78,1.5984642505645752
10,79,1.6313128471374512
10,80,1.52543306350708
10,81,1.5742907524108887
10,82,1.484128713607788
10,83,1.4613430500030518
10,84,1.4172523021697998
10,85,1.462630033493042
10,86,1.439298152923584
10,87,1.4626820087432861
10,88,1.499868631362915
10,89,1.5094714164733887
10,90,1.5351691246032715
10,91,1.6365900039672852
10,92,1.493528962135315
10,93,1.5449472665786743
10,94,1.5257717370986938
10,95,1.4877519607543945
10,96,1.520448923110962
10,97,1.498206377029419
10,98,1.5499085187911987
10,99,1.576880931854248
10,100,1.5471067428588867
10,101,1.532210111618042
10,102,1.5913403034210205
10,103,1.5336012840270996
11,0,1.4429950714111328
11,1,1.601309061050415
11,2,1.4929883480072021
11,3,1.345529556274414
11,4,1.4028351306915283
11,5,1.44309663772583
11,6,1.502270221710205
11,7,1.4622184038162231
11,8,1.5434907674789429
11,9,1.5001907348632812
11,10,1.3827840089797974
11,11,1.3994529247283936
11,12,1.454967737197876
11,13,1.3949697017669678
11,14,1.4365642070770264
11,15,1.4207162857055664
11,16,1.5362393856048584
11,17,1.3941073417663574
11,18,1.3982821702957153
11,19,1.394968032836914
11,20,1.36738920211792
11,21,1.4537349939346313
11,22,1.4731535911560059
11,23,1.4617855548858643
11,24,1.4538872241973877
11,25,1.5316790342330933
11,26,1.4356234073638916
11,27,1.4234418869018555
11,28,1.4356788396835327
11,29,1.5211398601531982
11,30,1.3970798254013062
11,31,1.4645369052886963
11,32,1.377514362335205
11,33,1.4975556135177612
11,34,1.4759900569915771
11,35,1.482984185218811
11,36,1.5397709608078003
11,37,1.4566361904144287
11,38,1.4810774326324463
11,39,1.4918928146362305
11,40,1.4058198928833008
11,41,1.4315004348754883
11,42,1.473296880722046
11,43,1.5354599952697754
11,44,1.5709302425384521
11,45,1.431549310684204
11,46,1.4070098400115967
11,47,1.4896951913833618
11,48,1.4643418788909912
11,49,1.4787497520446777
11,50,1.5576242208480835
11,51,1.4809513092041016
11,52,1.496107578277588
11,53,1.432913899421692
11,54,1.5317680835723877
11,55,1.4301841259002686
11,56,1.535348892211914
11,57,1.4533872604370117
11,58,1.520836591720581
11,59,1.5337793827056885
11,60,1.514540195465088
11,61,1.5416967868804932
11,62,1.4255504608154297
11,63,1.4798483848571777
11,64,1.4555294513702393
11,65,1.5303783416748047
11,66,1.6400032043457031
11,67,1.5425363779067993
11,68,1.5293400287628174
11,69,1.5175104141235352
11,70,1.4843977689743042
11,71,1.419330358505249
11,72,1.5106359720230103
11,73,1.4161016941070557
11,74,1.411447286605835
11,75,1.4990843534469604
11,76,1.4801583290100098
11,77,1.518575668334961
11,78,1.596632480621338
11,79,1.4614300727844238
11,80,1.4772893190383911
11,81,1.4252283573150635
11,82,1.4070637226104736
11,83,1.5228374004364014
11,84,1.4159040451049805
11,85,1.5105535984039307
11,86,1.4544270038604736
11,87,1.5096445083618164
11,88,1.4415318965911865
11,89,1.489858627319336
11,90,1.41813063621521
11,91,1.4794902801513672
11,92,1.3522253036499023
11,93,1.5188608169555664
11,94,1.5796875953674316
11,95,1.448381781578064
11,96,1.429017186164856
11,97,1.557523488998413
11,98,1.5135488510131836
11,99,1.485489845275879
11,100,1.5049604177474976
11,101,1.4959577322006226
11,102,1.5222917795181274
11,103,1.4656198024749756
12,0,1.384107232093811
12,1,1.3550734519958496
12,2,1.470787525177002
12,3,1.423406720161438
12,4,1.380182147026062
12,5,1.4663100242614746
12,6,1.4098726511001587
12,7,1.4605705738067627
12,8,1.4753689765930176
12,9,1.416083574295044
12,10,1.4073379039764404
12,11,1.578779697418213
12,12,1.380319356918335
12,13,1.4798814058303833
12,14,1.452070951461792
12,15,1.4928123950958252
12,16,1.536247968673706
12,17,1.4001656770706177
12,18,1.439678430557251
12,19,1.341580867767334
12,20,1.4188627004623413
12,21,1.5820252895355225
12,22,1.4562265872955322
12,23,1.5502880811691284
12,24,1.4387190341949463
12,25,1.3985960483551025
12,26,1.496004343032837
12,27,1.5086829662322998
12,28,1.4473544359207153
12,29,1.3562976121902466
12,30,1.4251172542572021
12,31,1.4627846479415894
12,32,1.4675464630126953
12,33,1.36484694480896
12,34,1.401976227760315
12,35,1.414942741394043
12,36,1.4698050022125244
12,37,1.3647894859313965
12,38,1.4904932975769043
12,39,1.4441051483154297
12,40,1.4750971794128418
12,41,1.3476426601409912
12,42,1.3935699462890625
12,43,1.4575568437576294
12,44,1.5920650959014893
12,45,1.4040050506591797
12,46,1.4247267246246338
12,47,1.451833724975586
12,48,1.4355642795562744
12,49,1.5307612419128418
12,50,1.4668567180633545
12,51,1.50325345993042
12,52,1.4289101362228394
12,53,1.5641148090362549
12,54,1.5004818439483643
12,55,1.4418401718139648
12,56,1.500068187713623
12,57,1.4015597105026245
12,58,1.4176700115203857
12,59,1.361510157585144
12,60,1.3930468559265137
12,61,1.4574694633483887
12,62,1.4516878128051758
12,63,1.5533978939056396
12,64,1.5363903045654297
12,65,1.4986270666122437
12,66,1.6503185033798218
12,67,1.5889499187469482
12,68,1.4909610748291016
12,69,1.447712779045105
12,70,1.4097628593444824
12,71,1.47612464427948
12,72,1.3777507543563843
12,73,1.461750864982605
12,74,1.4165358543395996
12,75,1.5158611536026
12,76,1.4884438514709473
12,77,1.4037261009216309
12,78,1.4005632400512695
12,79,1.4558357000350952
12,80,1.5339624881744385
12,81,1.5918352603912354
12,82,1.459282398223877
12,83,1.4876729249954224
12,84,1.480827808380127
12,85,1.6304287910461426
12,86,1.525317668914795
12,87,1.5248003005981445
12,88,1.4183902740478516
12,89,1.3615731000900269
12,90,1.4841737747192383
12,91,1.590113639831543
12,92,1.4440232515335083
12,93,1.5183641910552979
12,94,1.530336618423462
12,95,1.5075533390045166
12,96,1.4016342163085938
12,97,1.4281532764434814
12,98,1.4413681030273438
12,99,1.5494072437286377
12,100,1.428057074546814
12,101,1.330789566040039
12,102,1.5575225353240967
12,103,1.4938089847564697
13,0,1.386824369430542
13,1,1.4355814456939697
13,2,1.4697740077972412
13,3,1.4698293209075928
13,4,1.4532002210617065
13,5,1.3450746536254883
13,6,1.407788872718811
13,7,1.4521245956420898
13,8,1.440463900566101
13,9,1.5696237087249756
13,10,1.5286169052124023
13,11,1.5854129791259766
13,12,1.4946472644805908
13,13,1.5062532424926758
13,14,1.4529592990875244
13,15,1.3948683738708496
13,16,1.4680352210998535
13,17,1.372107982635498
13,18,1.492727279663086
13,19,1.3970838785171509
13,20,1.4369628429412842
13,21,1.3941080570220947
13,22,1.4435160160064697
13,23,1.3111910820007324
13,24,1.5477920770645142
13,25,1.3764170408248901
13,26,1.4371930360794067
13,27,1.4736965894699097
13,28,1.4363548755645752
13,29,1.375196933746338
13,30,1.4593859910964966
13,31,1.5942819118499756
13,32,1.4769959449768066
13,33,1.3630239963531494
13,34,1.426478385925293
13,35,1.5502139329910278
13,36,1.3828506469726562
13,37,1.4830057621002197
13,38,1.4445595741271973
13,39,1.501288890838623
13,40,1.3050494194030762
13,41,1.4761693477630615
13,42,1.4156579971313477
13,43,1.3511459827423096
13,44,1.4454337358474731
13,45,1.4280147552490234
13,46,1.41217041015625
13,47,1.411303162574768
13,48,1.377832293510437
13,49,1.4043000936508179
13,50,1.484346628189087
13,51,1.3651225566864014
13,52,1.5493862628936768
13,53,1.404651165008545
13,54,1.498654842376709
13,55,1.4184807538986206
13,56,1.4463720321655273
13,57,1.3678693771362305
13,58,1.5416686534881592
13,59,1.4132509231567383
13,60,1.4837501049041748
13,61,1.4098153114318848
13,62,1.4632465839385986
13,63,1.543219804763794
13,64,1.460700511932373
13,65,1.3161969184875488
13,66,1.4147076606750488
13,67,1.5066111087799072
13,68,1.420839548110962
13,69,1.5144338607788086
13,70,1.477583885192871
13,71,1.4145424365997314
13,72,1.5187561511993408
13,73,1.5784472227096558
13,74,1.4183933734893799
13,75,1.6438844203948975
13,76,1.3918712139129639
13,77,1.5317952632904053
13,78,1.484560251235962
13,79,1.4592342376708984
13,80,1.5378837585449219
13,81,1.527228832244873
13,82,1.5102663040161133
13,83,1.3874303102493286
13,84,1.5173391103744507
13,85,1.5265755653381348
13,86,1.5421273708343506
13,87,1.5412280559539795
13,88,1.4748597145080566
13,89,1.5167473554611206
13,90,1.4038681983947754
13,91,1.4403215646743774
13,92,1.4567791223526
13,93,1.4652762413024902
13,94,1.3934063911437988
13,95,1.517609715461731
13,96,1.4315800666809082
13,97,1.5562994480133057
13,98,1.4147288799285889
13,99,1.4401705265045166
13,100,1.4442505836486816
13,101,1.523975133895874
13,102,1.532818078994751
13,103,1.65409517288208
14,0,1.4769744873046875
14,1,1.2518635988235474
14,2,1.406761646270752
14,3,1.4290192127227783
14,4,1.5270171165466309
14,5,1.5276250839233398
14,6,1.4995732307434082
14,7,1.3926756381988525
14,8,1.457662582397461
14,9,1.3456295728683472
14,10,1.32835054397583
14,11,1.5196675062179565
14,12,1.3561276197433472
14,13,1.4183285236358643
14,14,1.359894037246704
14,15,1.438309907913208
14,16,1.3500149250030518
14,17,1.3042086362838745
14,18,1.3694161176681519
14,19,1.453105092048645
14,20,1.4193990230560303
14,21,1.4415283203125
14,22,1.4903820753097534
14,23,1.4890930652618408
14,24,1.3871028423309326
14,25,1.5897901058197021
14,26,1.5010253190994263
14,27,1.5965275764465332
14,28,1.4713287353515625
14,29,1.4361701011657715
14,30,1.4207689762115479
14,31,1.4150135517120361
14,32,1.3358454704284668
14,33,1.460288643836975
14,34,1.516037940979004
14,35,1.4351879358291626
14,36,1.4268114566802979
14,37,1.4007537364959717
14,38,1.494491457939148
14,39,1.413093090057373
14,40,1.4920895099639893
14,41,1.3490822315216064
14,42,1.392613410949707
14,43,1.3937087059020996
14,44,1.401699185371399
14,45,1.4278690814971924
14,46,1.4650754928588867
14,47,1.4842482805252075
14,48,1.3656388521194458
14,49,1.5615730285644531
14,50,1.4993698596954346
14,51,1.3775520324707031
14,52,1.49373197555542
14,53,1.3928143978118896
14,54,1.58193039894104
14,55,1.4352725744247437
14,56,1.5754295587539673
14,57,1.5405375957489014
14,58,1.27519953250885
14,59,1.4584591388702393
14,60,1.416322946548462
14,61,1.541971206665039
14,62,1.443326473236084
14,63,1.3740990161895752
14,64,1.4476139545440674
14,65,1.451885461807251
14,66,1.4202961921691895
14,67,1.4779202938079834
14,68,1.4451708793640137
14,69,1.4849474430084229
14,70,1.4020752906799316
14,71,1.4934892654418945
14,72,1.472461223602295
14,73,1.4421206712722778
14,74,1.356581449508667
14,75,1.5723066329956055
14,76,1.3857150077819824
14,77,1.4616845846176147
14,78,1.4692308902740479
14,79,1.4875881671905518
14,80,1.426585078239441
14,81,1.4521546363830566
14,82,1.3895988464355469
14,83,1.4679666757583618
14,84,1.434708595275879
14,85,1.3754956722259521
14,86,1.4320495128631592
14,87,1.3846344947814941
14,88,1.5071113109588623
14,89,1.374541163444519
14,90,1.3856544494628906
14,91,1.5378344058990479
14,92,1.4207642078399658
14,93,1.4002408981323242
14,94,1.3471500873565674
14,95,1.3480780124664307
14,96,1.4126708507537842
14,97,1.4406251907348633
14,98,1.4576001167297363
14,99,1.412172794342041
14,100,1.4316216707229614
14,101,1.3976141214370728
14,102,1.4017629623413086
14,103,1.4612704515457153
15,0,1.3775177001953125
15,1,1.4576258659362793
15,2,1.3967394828796387
15,3,1.447269082069397
15,4,1.3911926746368408
15,5,1.3869959115982056
15,6,1.509730339050293
15,7,1.3755443096160889
15,8,1.3825461864471436
15,9,1.4381530284881592
15,10,1.395721435546875
15,11,1.4434776306152344
15,12,1.4229680299758911
15,13,1.4070630073547363
15,14,1.5548162460327148
15,15,1.3926843404769897
15,16,1.3349573612213135
15,17,1.3495711088180542
15,18,1.3579332828521729
15,19,1.3085172176361084
15,20,1.3155686855316162
15,21,1.332263708114624
15,22,1.3980417251586914
15,23,1.4794087409973145
15,24,1.3903841972351074
15,25,1.355863332748413
15,26,1.3524861335754395
15,27,1.3453938961029053
15,28,1.462990403175354
15,29,1.3691250085830688
15,30,1.3953053951263428
15,31,1.4229437112808228
15,32,1.372839331626892
15,33,1.429262399673462
15,34,1.262101173400879
15,35,1.3443472385406494
15,36,1.3636646270751953
15,37,1.5607565641403198
15,38,1.5178184509277344
15,39,1.467793345451355
15,40,1.45197331905365
15,41,1.2989888191223145
15,42,1.350912094116211
15,43,1.3504016399383545
15,44,1.47989022731781
15,45,1.3706508874893188
15,46,1.2833688259124756
15,47,1.4043980836868286
15,48,1.386324405670166
15,49,1.3888250589370728
15,50,1.3030461072921753
15,51,1.2221206426620483
15,52,1.284895420074463
15,53,1.4564008712768555
15,54,1.2600290775299072
15,55,1.346254825592041
15,56,1.4570162296295166
15,57,1.3492934703826904
15,58,1.3677763938903809
15,59,1.465017318725586
15,60,1.3601646423339844
15,61,1.3919365406036377
15,62,1.4313950538635254
15,63,1.3738789558410645
15,64,1.3449320793151855
15,65,1.3483622074127197
15,66,1.3009066581726074
15,67,1.4555857181549072
15,68,1.4646780490875244
15,69,1.4198462963104248
15,70,1.4424846172332764
15,71,1.40531587600708
15,72,1.4113876819610596
15,73,1.3760387897491455
15,74,1.3441479206085205
15,75,1.3850388526916504
15,76,1.3970599174499512
15,77,1.366124153137207
15,78,1.3613505363464355
15,79,1.3184943199157715
15,80,1.3845713138580322
15,81,1.5432591438293457
15,82,1.4155069589614868
15,83,1.4236726760864258
15,84,1.4158990383148193
15,85,1.370216727256775
15,86,1.3578205108642578
15,87,1.3661912679672241
15,88,1.402503252029419
15,89,1.337925672531128
15,90,1.431950330734253
15,91,1.4607880115509033
15,92,1.33548903465271
15,93,1.3492238521575928
15,94,1.4959444999694824
15,95,1.2879927158355713
15,96,1.3577545881271362
15,97,1.4293915033340454
15,98,1.400008201599121
15,99,1.4193346500396729
15,100,1.3790546655654907
15,101,1.2409772872924805
15,102,1.3221690654754639
15,103,1.474776029586792
16,0,1.3283865451812744
16,1,1.237766981124878
16,2,1.3287525177001953
16,3,1.3174936771392822
16,4,1.4079465866088867
16,5,1.411041259765625
16,6,1.465348720550537
16,7,1.3167517185211182
16,8,1.398141860961914
16,9,1.3708865642547607
16,10,1.2852027416229248
16,11,1.3489606380462646
16,12,1.2726144790649414
16,13,1.3865728378295898
16,14,1.4046289920806885
16,15,1.3928003311157227
16,16,1.3647974729537964
16,17,1.4241924285888672
16,18,1.4038387537002563
16,19,1.2888226509094238
16,20,1.399516224861145
16,21,1.4550706148147583
16,22,1.3798251152038574
16,23,1.346008539199829
16,24,1.3389356136322021
16,25,1.3640472888946533
16,26,1.3501415252685547
16,27,1.4623430967330933
16,28,1.3705670833587646
16,29,1.3474527597427368
16,30,1.4106619358062744
16,31,1.3304916620254517
16,32,1.3787806034088135
16,33,1.3011789321899414
16,34,1.4001801013946533
16,35,1.351569414138794
16,36,1.2504537105560303
16,37,1.3388020992279053
16,38,1.3803825378417969
16,39,1.2298407554626465
16,40,1.3448666334152222
16,41,1.39353346824646
16,42,1.3329448699951172
16,43,1.2990140914916992
16,44,1.2588157653808594
16,45,1.2855610847473145
16,46,1.280655860900879
16,47,1.332956075668335
16,48,1.383561611175537
16,49,1.4391624927520752
16,50,1.3891764879226685
16,51,1.4079108238220215
16,52,1.253499150276184
16,53,1.378430724143982
16,54,1.3833435773849487
16,55,1.4241489171981812
16,56,1.3255257606506348
16,57,1.3365087509155273
16,58,1.3345822095870972
16,59,1.3825554847717285
16,60,1.4084150791168213
16,61,1.2735834121704102
16,62,1.3427625894546509
16,63,1.3032441139221191
16,64,1.322953224182129
16,65,1.3069384098052979
16,66,1.37052583694458
16,67,1.4079575538635254
16,68,1.3319697380065918
16,69,1.325315237045288
16,70,1.3982396125793457
16,71,1.434048056602478
16,72,1.4037244319915771
16,73,1.4222593307495117
16,74,1.4856629371643066
16,75,1.4172283411026
16,76,1.3005785942077637
16,77,1.347014307975769
16,78,1.2900155782699585
16,79,1.304677963256836
16,80,1.2782433032989502
16,81,1.3505427837371826
16,82,1.2896690368652344
16,83,1.2780108451843262
16,84,1.275266408920288
16,85,1.3787344694137573
16,86,1.3147506713867188
16,87,1.372786283493042
16,88,1.3598417043685913
16,89,1.426464319229126
16,90,1.5165395736694336
16,91,1.462303876876831
16,92,1.2527780532836914
16,93,1.3885579109191895
16,94,1.4182482957839966
16,95,1.3115017414093018
16,96,1.3242058753967285
16,97,1.5061280727386475
16,98,1.3186931610107422
16,99,1.384995698928833
16,100,1.3901273012161255
16,101,1.4355230331420898
16,102,1.4674944877624512
16,103,1.337874174118042
17,0,1.314985990524292
17,1,1.3790615797042847
17,2,1.365995168685913
17,3,1.3179283142089844
17,4,1.3288836479187012
17,5,1.3744902610778809
17,6,1.430206298828125
17,7,1.3613007068634033
17,8,1.3055658340454102
17,9,1.3215596675872803
17,10,1.4013738632202148
17,11,1.358464002609253
17,12,1.2347595691680908
17,13,1.2928133010864258
17,14,1.3878377676010132
17,15,1.3227453231811523
17,16,1.432956337928772
17,17,1.300729513168335
17,18,1.2597277164459229
17,19,1.3313405513763428
17,20,1.333272933959961
17,21,1.4544553756713867
17,22,1.3405287265777588
17,23,1.3586125373840332
17,24,1.2902921438217163
17,25,1.3223470449447632
17,26,1.2861685752868652
17,27,1.2796602249145508
17,28,1.3408087491989136
17,29,1.297698736190796
17,30,1.2721693515777588
17,31,1.234290599822998
17,32,1.3757129907608032
17,33,1.4016841650009155
17,34,1.3653701543807983
17,35,1.3571827411651611
17,36,1.467203140258789
17,37,1.3125094175338745
17,38,1.3280787467956543
17,39,1.3021514415740967
17,40,1.3610060214996338
17,41,1.3882757425308228
17,42,1.371114730834961
17,43,1.4389272928237915
17,44,1.294691562652588
17,45,1.1968286037445068
17,46,1.2617483139038086
17,47,1.3511124849319458
17,48,1.4988470077514648
17,49,1.3274481296539307
17,50,1.4492981433868408
17,51,1.286996841430664
17,52,1.2861799001693726
17,53,1.3251944780349731
17,54,1.2740426063537598
17,55,1.2369238138198853
17,56,1.325237512588501
17,57,1.3238255977630615
17,58,1.3151459693908691
17,59,1.361910104751587
17,60,1.3512332439422607
17,61,1.3110673427581787
17,62,1.3837425708770752
17,63,1.2847187519073486
17,64,1.3239483833312988
17,65,1.348370909690857
17,66,1.3101551532745361
17,67,1.249413013458252
17,68,1.4701416492462158
17,69,1.2810089588165283
17,70,1.3317948579788208
17,71,1.3155310153961182
17,72,1.3317582607269287
17,73,1.3426660299301147
17,74,1.256047248840332
17,75,1.271780014038086
17,76,1.3035900592803955
17,77,1.3014636039733887
17,78,1.3561978340148926
17,79,1.3700029850006104
17,80,1.2985198497772217
17,81,1.287642240524292
17,82,1.363642692565918
17,83,1.2656712532043457
17,84,1.4137756824493408
17,85,1.196016788482666
17,86,1.3009265661239624
17,87,1.3414666652679443
17,88,1.320366621017456
17,89,1.2542604207992554
17,90,1.293278455734253
17,91,1.4363242387771606
17,92,1.2273204326629639
17,93,1.330394983291626
17,94,1.3087416887283325
17,95,1.3602452278137207
17,96,1.3374054431915283
17,97,1.3310151100158691
17,98,1.3680768013000488
17,99,1.3609939813613892
17,100,1.3590576648712158
17,101,1.3218969106674194
17,102,1.3511836528778076
17,103,1.3589975833892822
18,0,1.2289738655090332
18,1,1.2798902988433838
18,2,1.1849002838134766
18,3,1.3797626495361328
18,4,1.2349483966827393
18,5,1.3744068145751953
18,6,1.272141933441162
18,7,1.2406560182571411
18,8,1.3300912380218506
18,9,1.2997939586639404
18,10,1.2290544509887695
18,11,1.2547045946121216
18,12,1.362457036972046
18,13,1.2988464832305908
18,14,1.2431375980377197
18,15,1.3708834648132324
18,16,1.2611836194992065
18,17,1.2429296970367432
18,18,1.2710239887237549
18,19,1.2303156852722168
18,20,1.256043791770935
18,21,1.283738136291504
18,22,1.3290784358978271
18,23,1.2822630405426025
18,24,1.3079349994659424
18,25,1.2897285223007202
18,26,1.2576789855957031
18,27,1.318961501121521
18,28,1.2972118854522705
18,29,1.408015489578247
18,30,1.2371699810028076
18,31,1.3243610858917236
18,32,1.4094176292419434
18,33,1.241922378540039
18,34,1.2672007083892822
18,35,1.5009405612945557
18,36,1.3281302452087402
18,37,1.3850042819976807
18,38,1.3092224597930908
18,39,1.2865211963653564
18,40,1.2362748384475708
18,41,1.346619725227356
18,42,1.1980137825012207
18,43,1.273310899734497
18,44,1.2609596252441406
18,45,1.375435471534729
18,46,1.3357868194580078
18,47,1.260193109512329
18,48,1.2376676797866821
18,49,1.316772699356079
18,50,1.3566222190856934
18,51,1.39107084274292
18,52,1.2795443534851074
18,53,1.395711898803711
18,54,1.2189135551452637
18,55,1.2943897247314453
18,56,1.2021231651306152
18,57,1.3190011978149414
18,58,1.3293981552124023
18,59,1.2493774890899658
18,60,1.2577048540115356
18,61,1.3230268955230713
18,62,1.3993719816207886
18,63,1.3434381484985352
18,64,1.2239627838134766
18,65,1.2917251586914062
18,66,1.2717273235321045
18,67,1.3474411964416504
18,68,1.3309330940246582
18,69,1.267340898513794
18,70,1.2499072551727295
18,71,1.274113655090332
18,72,1.3201873302459717
18,73,1.3399620056152344
18,74,1.1882293224334717
18,75,1.3894281387329102
18,76,1.290130853652954
18,77,1.2992074489593506
18,78,1.3767764568328857
18,79,1.3817247152328491
18,80,1.320723056793213
18,81,1.276115894317627
18,82,1.3325600624084473
18,83,1.3580684661865234
18,84,1.2445588111877441
18,85,1.4088294506072998
18,86,1.3396013975143433
18,87,1.2766482830047607
18,88,1.368725061416626
18,89,1.3696537017822266
18,90,1.2645659446716309
18,91,1.2164418697357178
18,92,1.3722283840179443
18,93,1.3468164205551147
18,94,1.378786325454712
18,95,1.3250939846038818
18,96,1.3418941497802734
18,97,1.3130176067352295
18,98,1.3332984447479248
18,99,1.2576122283935547
18,100,1.3473565578460693
18,101,1.314896821975708
18,102,1.3480825424194336
18,103,1.2495250701904297
19,0,1.2154455184936523
19,1,1.359415054321289
19,2,1.2667863368988037
19,3,1.197791337966919
19,4,1.2907577753067017
19,5,1.3557053804397583
19,6,1.2815935611724854
19,7,1.2991321086883545
19,8,1.2331840991973877
19,9,1.215510606765747
19,10,1.342362642288208
19,11,1.2902504205703735
19,12,1.375438928604126
19,13,1.3824152946472168
19,14,1.2398333549499512
19,15,1.2429866790771484
19,16,1.301633596420288
19,17,1.296714425086975
19,18,1.2355732917785645
19,19,1.2138490676879883
19,20,1.2328890562057495
19,21,1.3163208961486816
19,22,1.4306094646453857
19,23,1.3124799728393555
19,24,1.269739031791687
19,25,1.2569904327392578
19,26,1.2105653285980225
19,27,1.3596532344818115
19,28,1.3314135074615479
19,29,1.2941762208938599
19,30,1.285811185836792
19,31,1.3239461183547974
19,32,1.3296480178833008
19,33,1.2439653873443604
19,34,1.2614164352416992
19,35,1.3577055931091309
19,36,1.284433126449585
19,37,1.1987929344177246
19,38,1.3668370246887207
19,39,1.229146957397461
19,40,1.2848474979400635
19,41,1.289963960647583
19,42,1.176147699356079
19,43,1.2049754858016968
19,44,1.257324457168579
19,45,1.3686285018920898
19,46,1.3000435829162598
19,47,1.255697250366211
19,48,1.2674756050109863
19,49,1.2472302913665771
19,50,1.2586309909820557
19,51,1.2305147647857666
19,52,1.2574114799499512
19,53,1.237081527709961
19,54,1.2612013816833496
19,55,1.3339780569076538
19,56,1.3290244340896606
19,57,1.334513545036316
19,58,1.2252485752105713
19,59,1.432626724243164
19,60,1.4083921909332275
19,61,1.244663953781128
19,62,1.3134422302246094
19,63,1.3828611373901367
19,64,1.21488356590271
19,65,1.2395284175872803
19,66,1.243587613105774
19,67,1.3104147911071777
19,68,1.2989658117294312
19,69,1.1781198978424072
19,70,1.2671573162078857
19,71,1.325316071510315
19,72,1.3866416215896606
19,73,1.2192505598068237
19,74,1.395500659942627
19,75,1.3353018760681152
19,76,1.1857202053070068
19,77,1.2202770709991455
19,78,1.2378551959991455
19,79,1.274092197418213
19,80,1.200056552886963
19,81,1.3758776187896729
19,82,1.3193066120147705
19,83,1.2223937511444092
19,84,1.1998769044876099
19,85,1.3842980861663818
19,86,1.2733759880065918
19,87,1.2664179801940918
19,88,1.3384008407592773
19,89,1.221799612045288
19,90,1.3871982097625732
19,91,1.4197174310684204
19,92,1.3645172119140625
19,93,1.2703073024749756
19,94,1.2458162307739258
19,95,1.282820701599121
19,96,1.3052420616149902
19,97,1.2990150451660156
19,98,1.2650686502456665
19,99,1.2358368635177612
19,100,1.244357705116272
19,101,1.3126672506332397
19,102,1.2277820110321045
19,103,1.2039194107055664
20,0,1.2956690788269043
20,1,1.2254565954208374
20,2,1.2875750064849854
20,3,1.3099186420440674
20,4,1.3106071949005127
20,5,1.3076353073120117
20,6,1.2216284275054932
20,7,1.255547046661377
20,8,1.2911772727966309
20,9,1.23350191116333
20,10,1.174786925315857
20,11,1.2190208435058594
20,12,1.2898693084716797
20,13,1.3145880699157715
20,14,1.1946953535079956
20,15,1.2719225883483887
20,16,1.2876832485198975
20,17,1.242100477218628
20,18,1.2191593647003174
20,19,1.254569411277771
20,20,1.341810941696167
20,21,1.2165212631225586
20,22,1.1550981998443604
20,23,1.308365821838379
20,24,1.282123327255249
20,25,1.3611125946044922
20,26,1.211922526359558
20,27,1.1588218212127686
20,28,1.2347733974456787
20,29,1.329225778579712
20,30,1.2068514823913574
20,31,1.2871193885803223
20,32,1.351045846939087
20,33,1.2917755842208862
20,34,1.3234007358551025
20,35,1.301805019378662
20,36,1.2670676708221436
20,37,1.234797716140747
20,38,1.2690880298614502
20,39,1.2669100761413574
20,40,1.1906708478927612
20,41,1.1886423826217651
20,42,1.258422613143921
20,43,1.1756858825683594
20,44,1.2670080661773682
20,45,1.3048667907714844
20,46,1.2670369148254395
20,47,1.256833791732788
20,48,1.2603001594543457
20,49,1.2262089252471924
20,50,1.2686870098114014
20,51,1.305631160736084
20,52,1.3893253803253174
20,53,1.2643258571624756
20,54,1.2968616485595703
20,55,1.3214809894561768
20,56,1.349712610244751
20,57,1.3207714557647705
20,58,1.2129764556884766
20,59,1.2346994876861572
20,60,1.1870759725570679
20,61,1.2274978160858154
20,62,1.2118521928787231
20,63,1.2840303182601929
20,64,1.2420587539672852
20,65,1.2605260610580444
20,66,1.265091896057129
20,67,1.189773678779602
20,68,1.21858549118042
20,69,1.4071472883224487
20,70,1.2587122917175293
20,71,1.5258255004882812
20,72,1.2165288925170898
20,73,1.2990189790725708
20,74,1.169041395187378
20,75,1.1882598400115967
20,76,1.250882863998413
20,77,1.3030850887298584
20,78,1.3424854278564453
20,79,1.3571655750274658
20,80,1.2129144668579102
20,81,1.294814944267273
20,82,1.2546812295913696
20,83,1.3252290487289429
20,84,1.2786153554916382
20,85,1.2508482933044434
20,86,1.280317783355713
20,87,1.3066487312316895
20,88,1.2525551319122314
20,89,1.295581579208374
20,90,1.490860104560852
20,91,1.2778091430664062
20,92,1.288424015045166
20,93,1.24625563621521
20,94,1.2389819622039795
20,95,1.332533836364746
20,96,1.3341867923736572
20,97,1.186963438987732
20,98,1.3066599369049072
20,99,1.386141061782837
20,100,1.3901811838150024
20,101,1.2666051387786865
20,102,1.3267858028411865
20,103,1.2709941864013672
21,0,1.2337119579315186
21,1,1.2564752101898193
21,2,1.2281843423843384
21,3,1.2684860229492188
21,4,1.252068281173706
21,5,1.2031021118164062
21,6,1.1933189630508423
21,7,1.2546370029449463
21,8,1.2250466346740723
21,9,1.2513964176177979
21,10,1.3911646604537964
21,11,1.2034907341003418
21,12,1.1358307600021362
21,13,1.307354211807251
21,14,1.2854893207550049
21,15,1.3110997676849365
21,16,1.2349960803985596
21,17,1.2133688926696777
21,18,1.2174614667892456
21,19,1.3267707824707031
21,20,1.2889471054077148
21,21,1.2512133121490479
21,22,1.183998942375183
21,23,1.2021170854568481
21,24,1.3483517169952393
21,25,1.2542544603347778
21,26,1.2847847938537598
21,27,1.2521429061889648
21,28,1.3405320644378662
21,29,1.2884197235107422
21,30,1.2495033740997314
21,31,1.2957613468170166
21,32,1.3601770401000977
21,33,1.1706910133361816
21,34,1.2817431688308716
21,35,1.2626752853393555
21,36,1.1991157531738281
21,37,1.319244384765625
21,38,1.3346717357635498
21,39,1.2564672231674194
21,40,1.2287356853485107
21,41,1.2151298522949219
21,42,1.2498284578323364
21,43,1.3137197494506836
21,44,1.3214571475982666
21,45,1.1345179080963135
21,46,1.2116367816925049
21,47,1.2959630489349365
21,48,1.2550468444824219
21,49,1.2670800685882568
21,50,1.2675366401672363
21,51,1.2007160186767578
21,52,1.236886978149414
21,53,1.257023572921753
21,54,1.2227118015289307
21,55,1.334471344947815
21,56,1.1349940299987793
21,57,1.2473328113555908
21,58,1.192022681236267
21,59,1.2834172248840332
21,60,1.2628653049468994
21,61,1.2026071548461914
21,62,1.2049269676208496
21,63,1.226694941520691
21,64,1.2961113452911377
21,65,1.2865091562271118
21,66,1.2332332134246826
21,67,1.2579827308654785
21,68,1.2702940702438354
21,69,1.363391637802124
21,70,1.3703930377960205
21,71,1.2015228271484375
21,72,1.1724131107330322
21,73,1.2655396461486816
21,74,1.2255728244781494
21,75,1.2204517126083374
21,76,1.1819781064987183
21,77,1.2487058639526367
21,78,1.264148235321045
21,79,1.3241854906082153
21,80,1.2637670040130615
21,81,1.2845666408538818
21,82,1.2670342922210693
21,83,1.191526174545288
21,84,1.3094403743743896
21,85,1.272080659866333
21,86,1.2743451595306396
21,87,1.3531033992767334
21,88,1.262166976928711
21,89,1.1783521175384521
21,90,1.2357063293457031
21,91,1.1843860149383545
21,92,1.2130467891693115
21,93,1.348680019378662
21,94,1.174581527709961
21,95,1.2769250869750977
21,96,1.2613911628723145
21,97,1.2789196968078613
21,98,1.256753921508789
21,99,1.2686223983764648
21,100,1.375914454460144
21,101,1.406982421875
21,102,1.3318411111831665
21,103,1.3606736660003662
22,0,1.194963812828064
22,1,1.1969707012176514
22,2,1.2014189958572388
22,3,1.3494714498519897
22,4,1.3701238632202148
22,5,1.2154546976089478
22,6,1.2732187509536743
22,7,1.259371042251587
22,8,1.2264515161514282
22,9,1.3237755298614502
22,10,1.1726453304290771
22,11,1.220282793045044
22,12,1.2241992950439453
22,13,1.2915730476379395
22,14,1.216200590133667
22,15,1.1586666107177734
22,16,1.272284984588623
22,17,1.2192823886871338
22,18,1.2219090461730957
22,19,1.223820686340332
22,20,1.2906789779663086
22,21,1.2102752923965454
22,22,1.2835450172424316
22,23,1.1630358695983887
22,24,1.192322015762329
22,25,1.247920274734497
22,26,1.1841984987258911
22,27,1.2560545206069946
22,28,1.1564692258834839
22,29,1.1588103771209717
22,30,1.2702655792236328
22,31,1.306555151939392
22,32,1.2622432708740234
22,33,1.2600328922271729
22,34,1.214775800704956
22,35,1.3599014282226562
22,36,1.357946753501892
22,37,1.27181077003479
22,38,1.2320915460586548
22,39,1.3286926746368408
22,40,1.2876288890838623
22,41,1.396254301071167
22,42,1.2763252258300781
22,43,1.3007261753082275
22,44,1.2836487293243408
22,45,1.2385038137435913
22,46,1.399808406829834
22,47,1.2517800331115723
22,48,1.2202543020248413
22,49,1.2170825004577637
22,50,1.3177417516708374
22,51,1.2725074291229248
22,52,1.1664854288101196
22,53,1.218623161315918
22,54,1.2051866054534912
22,55,1.2160489559173584
22,56,1.2196159362792969
22,57,1.2074122428894043
22,58,1.193701982498169
22,59,1.283356785774231
22,60,1.2779039144515991
22,61,1.2249853610992432
22,62,1.1706955432891846
22,63,1.1854629516601562
22,64,1.2106612920761108
22,65,1.2058181762695312
22,66,1.2062547206878662
22,67,1.2472409009933472
22,68,1.2041516304016113
22,69,1.2161531448364258
22,70,1.2183725833892822
22,71,1.3411672115325928
22,72,1.2483654022216797
22,73,1.2368218898773193
22,74,1.1760530471801758
22,75,1.2786505222320557
22,76,1.322852373123169
22,77,1.1717357635498047
22,78,1.261277437210083
22,79,1.3403868675231934
22,80,1.2878973484039307
22,81,1.3496551513671875
22,82,1.3031896352767944
22,83,1.3774693012237549
22,84,1.3191916942596436
22,85,1.2226344347000122
22,86,1.2371505498886108
22,87,1.3121862411499023
22,88,1.3141236305236816
22,89,1.2738994359970093
22,90,1.25095796585083
22,91,1.2730367183685303
22,92,1.1304064989089966
22,93,1.2952556610107422
22,94,1.2419042587280273
22,95,1.2402982711791992
22,96,1.2355151176452637
22,97,1.3020591735839844
22,98,1.302825927734375
22,99,1.3022167682647705
22,100,1.2861379384994507
22,101,1.263672947883606
22,102,1.2964107990264893
22,103,1.3271456956863403
23,0,1.2278075218200684
23,1,1.218717098236084
23,2,1.2193934917449951
23,3,1.1891367435455322
23,4,1.1455752849578857
23,5,1.3221824169158936
23,6,1.1646140813827515
23,7,1.2511398792266846
23,8,1.1634020805358887
23,9,1.2945365905761719
23,10,1.1977317333221436
23,11,1.2154008150100708
23,12,1.3810187578201294
23,13,1.192342758178711
23,14,1.1047652959823608
23,15,1.189293622970581
23,16,1.1970568895339966
23,17,1.3223490715026855
23,18,1.1780200004577637
23,19,1.1565371751785278
23,20,1.2126545906066895
23,21,1.2174947261810303
23,22,1.2594212293624878
23,23,1.2733101844787598
23,24,1.2432782649993896
23,25,1.2133456468582153
23,26,1.2512221336364746
23,27,1.3340903520584106
23,28,1.2596783638000488
23,29,1.3582863807678223
23,30,1.2832722663879395
23,31,1.195468783378601
23,32,1.2209124565124512
23,33,1.3376367092132568
23,34,1.1745245456695557
23,35,1.2798786163330078
23,36,1.327211618423462
23,37,1.3470402956008911
23,38,1.1832687854766846
23,39,1.199495792388916
23,40,1.1991710662841797
23,41,1.276674747467041
23,42,1.2479214668273926
23,43,1.1881868839263916
23,44,1.2849632501602173
23,45,1.2298645973205566
23,46,1.2038121223449707
23,47,1.2166411876678467
23,48,1.1988829374313354
23,49,1.201849341392517
23,50,1.2881264686584473
23,51,1.3245424032211304
23,52,1.1593496799468994
23,53,1.115957260131836
23,54,1.199048638343811
23,55,1.1915993690490723
23,56,1.2510802745819092
23,57,1.1906795501708984
23,58,1.2602345943450928
23,59,1.1877514123916626
23,60,1.219743013381958
23,61,1.1881438493728638
23,62,1.2324268817901611
23,63,1.2026886940002441
23,64,1.1171890497207642
23,65,1.1972813606262207
23,66,1.2752468585968018
23,67,1.2690733671188354
23,68,1.2724781036376953
23,69,1.1931837797164917
23,70,1.2293832302093506
23,71,1.2884745597839355
23,72,1.1985456943511963
23,73,1.1347609758377075
23,74,1.2358133792877197
23,75,1.2377727031707764
23,76,1.3244744539260864
23,77,1.2434418201446533
23,78,1.2646231651306152
23,79,1.1169347763061523
23,80,1.3141095638275146
23,81,1.2076847553253174
23,82,1.219763159751892
23,83,1.3224824666976929
23,84,1.2451403141021729
23,85,1.311058521270752
23,86,1.298673152923584
23,87,1.246962070465088
23,88,1.1407240629196167
23,89,1.246704339981079
23,90,1.1198803186416626
23,91,1.1700379848480225
23,92,1.197458028793335
23,93,1.1479922533035278
23,94,1.214334487915039
23,95,1.1910969018936157
23,96,1.2066435813903809
23,97,1.1848337650299072
23,98,1.2038719654083252
23,99,1.2023595571517944
23,100,1.2559399604797363
23,101,1.2546591758728027
23,102,1.3367550373077393
23,103,1.185436725616455
24,0,1.1633505821228027
24,1,1.2556757926940918
24,2,1.3268983364105225
24,3,1.2023695707321167
24,4,1.2154688835144043
24,5,1.317509412765503
24,6,1.2647264003753662
24,7,1.2162035703659058
24,8,1.1379942893981934
24,9,1.2039952278137207
24,10,1.164648175239563
24,11,1.2445000410079956
24,12,1.1460293531417847
24,13,1.1969988346099854
24,14,1.1163549423217773
24,15,1.259192705154419
24,16,1.2057878971099854
24,17,1.1810497045516968
24,18,1.2418270111083984
24,19,1.254456877708435
24,20,1.1988914012908936
24,21,1.2425682544708252
24,22,1.1814364194869995
24,23,1.2295398712158203
24,24,1.187103509902954
24,25,1.1518468856811523
24,26,1.1725072860717773
24,27,1.2261309623718262
24,28,1.2340283393859863
24,29,1.209583044052124
24,30,1.2125024795532227
24,31,1.1901081800460815
24,32,1.2462401390075684
24,33,1.1762771606445312
24,34,1.2546249628067017
24,35,1.2078790664672852
24,36,1.1746309995651245
24,37,1.2868094444274902
24,38,1.2518315315246582
24,39,1.1925885677337646
24,40,1.2168667316436768
24,41,1.1357333660125732
24,42,1.2436084747314453
24,43,1.2743430137634277
24,44,1.1979613304138184
24,45,1.2271275520324707
24,46,1.3441526889801025
24,47,1.1663612127304077
24,48,1.2298929691314697
24,49,1.1820721626281738
24,50,1.1814953088760376
24,51,1.1747620105743408
24,52,1.2418030500411987
24,53,1.2048022747039795
24,54,1.195286512374878
24,55,1.2412707805633545
24,56,1.1407334804534912
24,57,1.142798662185669
24,58,1.2324060201644897
24,59,1.1693140268325806
24,60,1.0856397151947021
24,61,1.1920431852340698
24,62,1.1822340488433838
24,63,1.2180702686309814
24,64,1.2063572406768799
24,65,1.111045241355896
24,66,1.2431848049163818
24,67,1.2993476390838623
24,68,1.2348341941833496
24,69,1.1871788501739502
24,70,1.1475186347961426
24,71,1.2117340564727783
24,72,1.197365403175354
24,73,1.1513665914535522
24,74,1.2387877702713013
24,75,1.2213118076324463
24,76,1.2120376825332642
24,77,1.1731888055801392
24,78,1.2617557048797607
24,79,1.1924855709075928
24,80,1.2065865993499756
24,81,1.3433752059936523
24,82,1.167690634727478
24,83,1.1645184755325317
24,84,1.2368617057800293
24,85,1.2966954708099365
24,86,1.2720589637756348
24,87,1.182929515838623
24,88,1.1991641521453857
24,89,1.1676595211029053
24,90,1.2282991409301758
24,91,1.1896978616714478
24,92,1.2692420482635498
24,93,1.3591997623443604
24,94,1.2930344343185425
24,95,1.2568167448043823
24,96,1.2827775478363037
24,97,1.2286255359649658
24,98,1.2874512672424316
24,99,1.3161296844482422
24,100,1.2944843769073486
24,101,1.313633680343628
24,102,1.2948479652404785
24,103,1.2201404571533203
25,0,1.1180087327957153
25,1,1.14960777759552
25,2,1.1739434003829956
25,3,1.2026574611663818
25,4,1.162282109260559
25,5,1.2374916076660156
25,6,1.186415433883667
25,7,1.2642463445663452
25,8,1.1134333610534668
25,9,1.1692341566085815
25,10,1.1936674118041992
25,11,1.1419768333435059
25,12,1.2787089347839355
25,13,1.1565722227096558
25,14,1.0807435512542725
25,15,1.2203863859176636
25,16,1.2227262258529663
25,17,1.1682000160217285
25,18,1.1666951179504395
25,19,1.1384553909301758
25,20,1.2048112154006958
25,21,1.1148955821990967
25,22,1.2109884023666382
25,23,1.1874492168426514
25,24,1.2019832134246826
25,25,1.2038891315460205
25,26,1.2124568223953247
25,27,1.2167085409164429
25,28,1.1793922185897827
25,29,1.1347596645355225
25,30,1.2636945247650146
25,31,1.1950578689575195
25,32,1.1944127082824707
25,33,1.1895352602005005
25,34,1.1349596977233887
25,35,1.171760082244873
25,36,1.1124026775360107
25,37,1.1434147357940674
25,38,1.1419123411178589
25,39,1.1530029773712158
25,40,1.1842410564422607
25,41,1.1544926166534424
25,42,1.2555848360061646
25,43,1.1999717950820923
25,44,1.20576810836792
25,45,1.1862223148345947
25,46,1.2175331115722656
25,47,1.179334044456482
25,48,1.3039445877075195
25,49,1.2919056415557861
25,50,1.1977479457855225
25,51,1.2106819152832031
25,52,1.3381068706512451
25,53,1.2467451095581055
25,54,1.1821165084838867
25,55,1.2290632724761963
25,56,1.2572903633117676
25,57,1.2225587368011475
25,58,1.1948940753936768
25,59,1.2366127967834473
25,60,1.0987801551818848
25,61,1.2197517156600952
25,62,1.1976585388183594
25,63,1.1473336219787598
25,64,1.2264184951782227
25,65,1.2768919467926025
25,66,1.2432470321655273
25,67,1.2012673616409302
25,68,1.2681937217712402
25,69,1.1290714740753174
25,70,1.2323195934295654
25,71,1.1522425413131714
25,72,1.2109522819519043
25,73,1.3440783023834229
25,74,1.202994465827942
25,75,1.1445189714431763
25,76,1.1314820051193237
25,77,1.2089786529541016
25,78,1.2016555070877075
25,79,1.1614174842834473
25,80,1.2633112668991089
25,81,1.1729506254196167
25,82,1.1630433797836304
25,83,1.220465898513794
25,84,1.1369353532791138
25,85,1.1959717273712158
25,86,1.1823621988296509
25,87,1.208354115486145
25,88,1.1678121089935303
25,89,1.2432751655578613
25,90,1.1616936922073364
25,91,1.2279791831970215
25,92,1.1963310241699219
25,93,1.1648317575454712
25,94,1.239981770515442
25,95,1.1315280199050903
25,96,1.321631669998169
25,97,1.1187012195587158
25,98,1.1397111415863037
25,99,1.126006007194519
25,100,1.2424135208129883
25,101,1.2160428762435913
25,102,1.2206757068634033
25,103,1.3729567527770996
26,0,1.163588285446167
26,1,1.247139573097229
26,2,1.1692759990692139
26,3,1.1652708053588867
26,4,1.1784170866012573
26,5,1.2746121883392334
26,6,1.1547735929489136
26,7,1.1764816045761108
26,8,1.1632461547851562
26,9,1.2253531217575073
26,10,1.1401516199111938
26,11,1.1566253900527954
26,12,1.1428959369659424
26,13,1.2036248445510864
26,14,1.2470629215240479
26,15,1.2039170265197754
26,16,1.1749194860458374
26,17,1.2117137908935547
26,18,1.277165174484253
26,19,1.234184980392456
26,20,1.207125186920166
26,21,1.1770555973052979
26,22,1.2443866729736328
26,23,1.1691967248916626
26,24,1.1846189498901367
26,25,1.1626734733581543
26,26,1.2327700853347778
26,27,1.2266356945037842
26,28,1.1437488794326782
26,29,1.1842254400253296
26,30,1.0984891653060913
26,31,1.2424136400222778
26,32,1.1914976835250854
26,33,1.1982015371322632
26,34,1.10178542137146
26,35,1.1651777029037476
26,36,1.133976936340332
26,37,1.2132920026779175
26,38,1.11090087890625
26,39,1.1963274478912354
26,40,1.1920496225357056
26,41,1.1926281452178955
26,42,1.2911248207092285
26,43,1.1375401020050049
26,44,1.2114423513412476
26,45,1.1591663360595703
26,46,1.2501325607299805
26,47,1.1499382257461548
26,48,1.19611394405365
26,49,1.1384121179580688
26,50,1.1614278554916382
26,51,1.1089764833450317
26,52,1.1666170358657837
26,53,1.2438302040100098
26,54,1.165682315826416
26,55,1.1802338361740112
26,56,1.1422103643417358
26,57,1.2969096899032593
26,58,1.1435821056365967
26,59,1.2771695852279663
26,60,1.2120835781097412
26,61,1.221229076385498
26,62,1.2460174560546875
26,63,1.1157225370407104
26,64,1.1789463758468628
26,65,1.257419466972351
26,66,1.1924622058868408
26,67,1.2583171129226685
26,68,1.166541576385498
26,69,1.230107069015503
26,70,1.2141183614730835
26,71,1.2767430543899536
26,72,1.1737183332443237
26,73,1.2914899587631226
26,74,1.1637753248214722
26,75,1.2917898893356323
26,76,1.161708950996399
26,77,1.21094810962677
26,78,1.1862435340881348
26,79,1.1892595291137695
26,80,1.181258201599121
26,81,1.3195431232452393
26,82,1.192897081375122
26,83,1.275374174118042
26,84,1.2176361083984375
26,85,1.291893482208252
26,86,1.1976168155670166
26,87,1.1277821063995361
26,88,1.1300084590911865
26,89,1.1903877258300781
26,90,1.1393136978149414
26,91,1.2025442123413086
26,92,1.1685621738433838
26,93,1.179233431816101
26,94,1.2119967937469482
26,95,1.149071216583252
26,96,1.187403917312622
26,97,1.1956026554107666
26,98,1.3093643188476562
26,99,1.3107191324234009
26,100,1.2064189910888672
26,101,1.159085988998413
26,102,1.1741169691085815
26,103,1.1682581901550293
