Epoch,Class_0,Class_1,Class_2,Class_3,Class_4,Class_5,Class_6,Class_7,Class_8,Class_9,Class_10,Class_11,Class_12,Class_13,Class_14,Class_15,Class_16,Class_17,Class_18,Class_19,Class_20,Class_21,Class_22,Class_23,Class_24,Class_25,Class_26,Class_27,Class_28,Class_29,Class_30,Class_31,Class_32,Class_33,Class_34,Class_35,Class_36,Class_37,Class_38,Class_39,Class_40,Class_41,Class_42,Class_43,Class_44,Class_45,Class_46,Class_47,Class_48,Class_49,Class_50,Class_51,Class_52,Class_53,Class_54,Class_55,Class_56,Class_57,Class_58,Class_59,Class_60,Class_61,Class_62,Class_63,Class_64,Class_65,Class_66,Class_67,Class_68,Class_69,Class_70,Class_71,Class_72,Class_73,Class_74,Class_75,Class_76,Class_77,Class_78,Class_79,Class_80,Class_81,Class_82,Class_83,Class_84,Class_85,Class_86,Class_87,Class_88,Class_89,Class_90,Class_91,Class_92,Class_93,Class_94,Class_95,Class_96,Class_97,Class_98,Class_99,Class_100,Class_101,Class_102,Class_103
1,N/A,N/A,N/A,N/A,N/A,N/A,N/A,N/A,N/A,N/A,N/A,N/A,N/A,N/A,N/A,N/A,N/A,N/A,N/A,N/A,N/A,N/A,N/A,N/A,N/A,N/A,N/A,N/A,N/A,N/A,N/A,N/A,N/A,N/A,N/A,N/A,N/A,N/A,N/A,N/A,N/A,N/A,N/A,N/A,N/A,N/A,N/A,N/A,N/A,N/A,N/A,N/A,N/A,N/A,N/A,N/A,N/A,N/A,N/A,N/A,N/A,N/A,N/A,N/A,N/A,N/A,N/A,N/A,N/A,N/A,N/A,N/A,N/A,N/A,N/A,N/A,N/A,N/A,N/A,N/A,N/A,N/A,N/A,N/A,N/A,N/A,N/A,N/A,N/A,N/A,N/A,N/A,N/A,N/A,N/A,N/A,N/A,N/A,N/A,N/A,N/A,N/A,N/A,N/A
2,N/A,N/A,N/A,N/A,N/A,N/A,N/A,N/A,N/A,N/A,N/A,N/A,N/A,N/A,N/A,N/A,N/A,N/A,N/A,N/A,N/A,N/A,N/A,N/A,N/A,N/A,N/A,N/A,N/A,N/A,N/A,N/A,N/A,N/A,N/A,N/A,N/A,N/A,N/A,N/A,N/A,N/A,N/A,N/A,N/A,N/A,N/A,N/A,N/A,N/A,N/A,N/A,N/A,N/A,N/A,N/A,N/A,N/A,N/A,N/A,N/A,N/A,N/A,N/A,N/A,N/A,N/A,N/A,N/A,N/A,N/A,N/A,N/A,N/A,N/A,N/A,N/A,N/A,N/A,N/A,N/A,N/A,N/A,N/A,N/A,N/A,N/A,N/A,N/A,N/A,N/A,N/A,N/A,N/A,N/A,N/A,N/A,N/A,N/A,N/A,N/A,N/A,N/A,N/A
3,N/A,N/A,N/A,N/A,N/A,N/A,N/A,N/A,N/A,N/A,N/A,N/A,N/A,N/A,N/A,N/A,N/A,N/A,N/A,N/A,N/A,N/A,N/A,N/A,N/A,N/A,N/A,N/A,N/A,N/A,N/A,N/A,N/A,N/A,N/A,N/A,N/A,N/A,N/A,N/A,N/A,N/A,N/A,N/A,N/A,N/A,N/A,N/A,N/A,N/A,N/A,N/A,N/A,N/A,N/A,N/A,N/A,N/A,N/A,N/A,N/A,N/A,N/A,N/A,N/A,N/A,N/A,N/A,N/A,N/A,N/A,N/A,N/A,N/A,N/A,N/A,N/A,N/A,N/A,N/A,N/A,N/A,N/A,N/A,N/A,N/A,N/A,N/A,N/A,N/A,N/A,N/A,N/A,N/A,N/A,N/A,N/A,N/A,N/A,N/A,N/A,N/A,N/A,N/A
4,N/A,N/A,N/A,N/A,N/A,N/A,N/A,N/A,N/A,N/A,N/A,N/A,N/A,N/A,N/A,N/A,N/A,N/A,N/A,N/A,N/A,N/A,N/A,N/A,N/A,N/A,N/A,N/A,N/A,N/A,N/A,N/A,N/A,N/A,N/A,N/A,N/A,N/A,N/A,N/A,N/A,N/A,N/A,N/A,N/A,N/A,N/A,N/A,N/A,N/A,N/A,N/A,N/A,N/A,N/A,N/A,N/A,N/A,N/A,N/A,N/A,N/A,N/A,N/A,N/A,N/A,N/A,N/A,N/A,N/A,N/A,N/A,N/A,N/A,N/A,N/A,N/A,N/A,N/A,N/A,N/A,N/A,N/A,N/A,N/A,N/A,N/A,N/A,N/A,N/A,N/A,N/A,N/A,N/A,N/A,N/A,N/A,N/A,N/A,N/A,N/A,N/A,N/A,N/A
5,0.4060993194580078,0.0,0.0,0.44742530584335327,0.0,0.23620375990867615,0.028504151850938797,0.0,0.3230418860912323,0.004323247354477644,0.258915513753891,0.006969369016587734,0.24732904136180878,0.21781785786151886,0.21972867846488953,0.006158973090350628,0.0,0.03248072788119316,0.0,0.0,0.0,0.3451434075832367,0.01845354028046131,0.0,0.4096519649028778,0.41675370931625366,0.0,0.0,0.029470233246684074,0.4674295485019684,0.5244268774986267,0.21384748816490173,0.2964188754558563,0.04531216621398926,0.00016922004579100758,0.0,0.27714812755584717,0.512009859085083,0.0,0.0009512892575003207,0.24545323848724365,0.5467744469642639,0.34369465708732605,0.0,0.4336569905281067,0.02844863384962082,0.3340875506401062,0.09398753196001053,0.3429516851902008,0.19078175723552704,0.11318220943212509,0.0008132861112244427,0.2411891222000122,0.0,0.25811123847961426,0.3968328833580017,0.4804135859012604,0.1783042699098587,0.27056998014450073,0.5756164789199829,0.0,0.16470076143741608,0.0,0.0,0.37864136695861816,0.36696216464042664,0.49237239360809326,0.2411348521709442,0.11785106360912323,0.0,0.3224739730358124,0.0,0.4664042592048645,0.4987093210220337,0.0,0.0,0.0010624739807099104,0.04169769212603569,0.0,0.0014680816093459725,0.3153562545776367,0.2969297170639038,0.5060475468635559,0.0,0.5240170359611511,0.5604921579360962,0.0,0.5912407040596008,0.4885415732860565,0.35094714164733887,0.1878470629453659,0.3344828486442566,0.0,0.21244007349014282,0.3074638843536377,0.5389864444732666,0.5424410700798035,0.0,0.1003534197807312,0.0,0.0,0.17674970626831055,0.0,0.012567199766635895
1,N/A,N/A,N/A,N/A,N/A,N/A,N/A,N/A,N/A,N/A,N/A,N/A,N/A,N/A,N/A,N/A,N/A,N/A,N/A,N/A,N/A,N/A,N/A,N/A,N/A,N/A,N/A,N/A,N/A,N/A,N/A,N/A,N/A,N/A,N/A,N/A,N/A,N/A,N/A,N/A,N/A,N/A,N/A,N/A,N/A,N/A,N/A,N/A,N/A,N/A,N/A,N/A,N/A,N/A,N/A,N/A,N/A,N/A,N/A,N/A,N/A,N/A,N/A,N/A,N/A,N/A,N/A,N/A,N/A,N/A,N/A,N/A,N/A,N/A,N/A,N/A,N/A,N/A,N/A,N/A,N/A,N/A,N/A,N/A,N/A,N/A,N/A,N/A,N/A,N/A,N/A,N/A,N/A,N/A,N/A,N/A,N/A,N/A,N/A,N/A,N/A,N/A,N/A,N/A
2,N/A,N/A,N/A,N/A,N/A,N/A,N/A,N/A,N/A,N/A,N/A,N/A,N/A,N/A,N/A,N/A,N/A,N/A,N/A,N/A,N/A,N/A,N/A,N/A,N/A,N/A,N/A,N/A,N/A,N/A,N/A,N/A,N/A,N/A,N/A,N/A,N/A,N/A,N/A,N/A,N/A,N/A,N/A,N/A,N/A,N/A,N/A,N/A,N/A,N/A,N/A,N/A,N/A,N/A,N/A,N/A,N/A,N/A,N/A,N/A,N/A,N/A,N/A,N/A,N/A,N/A,N/A,N/A,N/A,N/A,N/A,N/A,N/A,N/A,N/A,N/A,N/A,N/A,N/A,N/A,N/A,N/A,N/A,N/A,N/A,N/A,N/A,N/A,N/A,N/A,N/A,N/A,N/A,N/A,N/A,N/A,N/A,N/A,N/A,N/A,N/A,N/A,N/A,N/A
3,N/A,N/A,N/A,N/A,N/A,N/A,N/A,N/A,N/A,N/A,N/A,N/A,N/A,N/A,N/A,N/A,N/A,N/A,N/A,N/A,N/A,N/A,N/A,N/A,N/A,N/A,N/A,N/A,N/A,N/A,N/A,N/A,N/A,N/A,N/A,N/A,N/A,N/A,N/A,N/A,N/A,N/A,N/A,N/A,N/A,N/A,N/A,N/A,N/A,N/A,N/A,N/A,N/A,N/A,N/A,N/A,N/A,N/A,N/A,N/A,N/A,N/A,N/A,N/A,N/A,N/A,N/A,N/A,N/A,N/A,N/A,N/A,N/A,N/A,N/A,N/A,N/A,N/A,N/A,N/A,N/A,N/A,N/A,N/A,N/A,N/A,N/A,N/A,N/A,N/A,N/A,N/A,N/A,N/A,N/A,N/A,N/A,N/A,N/A,N/A,N/A,N/A,N/A,N/A
4,N/A,N/A,N/A,N/A,N/A,N/A,N/A,N/A,N/A,N/A,N/A,N/A,N/A,N/A,N/A,N/A,N/A,N/A,N/A,N/A,N/A,N/A,N/A,N/A,N/A,N/A,N/A,N/A,N/A,N/A,N/A,N/A,N/A,N/A,N/A,N/A,N/A,N/A,N/A,N/A,N/A,N/A,N/A,N/A,N/A,N/A,N/A,N/A,N/A,N/A,N/A,N/A,N/A,N/A,N/A,N/A,N/A,N/A,N/A,N/A,N/A,N/A,N/A,N/A,N/A,N/A,N/A,N/A,N/A,N/A,N/A,N/A,N/A,N/A,N/A,N/A,N/A,N/A,N/A,N/A,N/A,N/A,N/A,N/A,N/A,N/A,N/A,N/A,N/A,N/A,N/A,N/A,N/A,N/A,N/A,N/A,N/A,N/A,N/A,N/A,N/A,N/A,N/A,N/A
5,0.6858110427856445,0.0,0.0,0.43452683091163635,0.025771386921405792,0.3525737226009369,0.3425253629684448,0.0,0.36529335379600525,0.06344083696603775,0.3597337603569031,0.17336754500865936,0.2876685857772827,0.2836100161075592,0.331080824136734,0.15907517075538635,0.0,0.12744280695915222,0.04533890262246132,0.0,0.0,0.28480446338653564,4.585630813380703e-05,0.0,0.382056325674057,0.42855891585350037,0.0,0.0,0.16239552199840546,0.553412914276123,0.5573086142539978,0.2524951696395874,0.3668779134750366,0.016962174326181412,0.01920643448829651,0.042657557874917984,0.279094934463501,0.49710023403167725,0.0,0.05016130581498146,0.2307339608669281,0.570550799369812,0.37828367948532104,0.0,0.419646292924881,0.00210557971149683,0.31777340173721313,0.1706526279449463,0.29499202966690063,0.19920073449611664,0.07734811305999756,0.10950832068920135,0.32832467555999756,0.0,0.09157013148069382,0.551201343536377,0.4737217128276825,0.27183279395103455,0.3567003011703491,0.6738088130950928,0.0,0.27197447419166565,0.0,0.0,0.4821613132953644,0.4777354300022125,0.5418148636817932,0.33853039145469666,0.03223162889480591,0.0,0.4265959858894348,0.0,0.5170851349830627,0.5140040516853333,0.0,0.0,0.0,0.10091258585453033,0.0,0.18250975012779236,0.3429693281650543,0.3409850299358368,0.45690372586250305,0.0,0.5964661836624146,0.6156392097473145,0.0,0.642501711845398,0.4640461802482605,0.3662186861038208,0.3350861370563507,0.3630867302417755,0.0,0.24739381670951843,0.3485866189002991,0.5565911531448364,0.5451260805130005,0.0,0.2177819460630417,0.0,0.0,0.12935294210910797,0.0,0.0001050351929734461
6,N/A,N/A,N/A,N/A,N/A,N/A,N/A,N/A,N/A,N/A,N/A,N/A,N/A,N/A,N/A,N/A,N/A,N/A,N/A,N/A,N/A,N/A,N/A,N/A,N/A,N/A,N/A,N/A,N/A,N/A,N/A,N/A,N/A,N/A,N/A,N/A,N/A,N/A,N/A,N/A,N/A,N/A,N/A,N/A,N/A,N/A,N/A,N/A,N/A,N/A,N/A,N/A,N/A,N/A,N/A,N/A,N/A,N/A,N/A,N/A,N/A,N/A,N/A,N/A,N/A,N/A,N/A,N/A,N/A,N/A,N/A,N/A,N/A,N/A,N/A,N/A,N/A,N/A,N/A,N/A,N/A,N/A,N/A,N/A,N/A,N/A,N/A,N/A,N/A,N/A,N/A,N/A,N/A,N/A,N/A,N/A,N/A,N/A,N/A,N/A,N/A,N/A,N/A,N/A
7,N/A,N/A,N/A,N/A,N/A,N/A,N/A,N/A,N/A,N/A,N/A,N/A,N/A,N/A,N/A,N/A,N/A,N/A,N/A,N/A,N/A,N/A,N/A,N/A,N/A,N/A,N/A,N/A,N/A,N/A,N/A,N/A,N/A,N/A,N/A,N/A,N/A,N/A,N/A,N/A,N/A,N/A,N/A,N/A,N/A,N/A,N/A,N/A,N/A,N/A,N/A,N/A,N/A,N/A,N/A,N/A,N/A,N/A,N/A,N/A,N/A,N/A,N/A,N/A,N/A,N/A,N/A,N/A,N/A,N/A,N/A,N/A,N/A,N/A,N/A,N/A,N/A,N/A,N/A,N/A,N/A,N/A,N/A,N/A,N/A,N/A,N/A,N/A,N/A,N/A,N/A,N/A,N/A,N/A,N/A,N/A,N/A,N/A,N/A,N/A,N/A,N/A,N/A,N/A
8,N/A,N/A,N/A,N/A,N/A,N/A,N/A,N/A,N/A,N/A,N/A,N/A,N/A,N/A,N/A,N/A,N/A,N/A,N/A,N/A,N/A,N/A,N/A,N/A,N/A,N/A,N/A,N/A,N/A,N/A,N/A,N/A,N/A,N/A,N/A,N/A,N/A,N/A,N/A,N/A,N/A,N/A,N/A,N/A,N/A,N/A,N/A,N/A,N/A,N/A,N/A,N/A,N/A,N/A,N/A,N/A,N/A,N/A,N/A,N/A,N/A,N/A,N/A,N/A,N/A,N/A,N/A,N/A,N/A,N/A,N/A,N/A,N/A,N/A,N/A,N/A,N/A,N/A,N/A,N/A,N/A,N/A,N/A,N/A,N/A,N/A,N/A,N/A,N/A,N/A,N/A,N/A,N/A,N/A,N/A,N/A,N/A,N/A,N/A,N/A,N/A,N/A,N/A,N/A
9,N/A,N/A,N/A,N/A,N/A,N/A,N/A,N/A,N/A,N/A,N/A,N/A,N/A,N/A,N/A,N/A,N/A,N/A,N/A,N/A,N/A,N/A,N/A,N/A,N/A,N/A,N/A,N/A,N/A,N/A,N/A,N/A,N/A,N/A,N/A,N/A,N/A,N/A,N/A,N/A,N/A,N/A,N/A,N/A,N/A,N/A,N/A,N/A,N/A,N/A,N/A,N/A,N/A,N/A,N/A,N/A,N/A,N/A,N/A,N/A,N/A,N/A,N/A,N/A,N/A,N/A,N/A,N/A,N/A,N/A,N/A,N/A,N/A,N/A,N/A,N/A,N/A,N/A,N/A,N/A,N/A,N/A,N/A,N/A,N/A,N/A,N/A,N/A,N/A,N/A,N/A,N/A,N/A,N/A,N/A,N/A,N/A,N/A,N/A,N/A,N/A,N/A,N/A,N/A
10,0.6316849589347839,0.0,0.0,0.40111252665519714,0.07418739795684814,0.2863976061344147,0.4164026975631714,0.0,0.2111102193593979,0.027079155668616295,0.20669880509376526,0.0347617082297802,0.20708054304122925,0.041408512741327286,0.06127164512872696,0.10371992737054825,0.0,0.12860342860221863,0.17471115291118622,0.0,0.0,0.2518446743488312,0.001505039050243795,0.0,0.4340451657772064,0.37091806530952454,0.0,0.0,0.16666212677955627,0.474698007106781,0.4077589809894562,0.2340165674686432,0.3484669625759125,0.021747373044490814,0.06940827518701553,0.30890288949012756,0.32954517006874084,0.24508005380630493,0.02072163298726082,0.493364155292511,0.2949707806110382,0.5497650504112244,0.505936861038208,0.0,0.1737387627363205,0.025227084755897522,0.3678412139415741,0.1453813761472702,0.35640034079551697,0.1694048047065735,0.127358540892601,0.12578058242797852,0.13145345449447632,0.016461286693811417,0.30786702036857605,0.38553139567375183,0.42864713072776794,0.0697641596198082,0.2136257290840149,0.4332256019115448,0.0,0.24135169386863708,0.049143485724925995,0.0015295814955607057,0.44732245802879333,0.3751705586910248,0.38227903842926025,0.24347805976867676,0.18761922419071198,0.0,0.34499073028564453,0.03442027047276497,0.36029502749443054,0.3363599479198456,0.0,0.0,0.005510413553565741,0.05532871559262276,0.11001553386449814,0.15065008401870728,0.2265901267528534,0.19611899554729462,0.2838476300239563,0.0,0.4732293486595154,0.45298150181770325,0.0,0.5905321836471558,0.30276674032211304,0.23493283987045288,0.24770964682102203,0.35939815640449524,0.3105122447013855,0.2529081702232361,0.17105811834335327,0.4662681221961975,0.4867478609085083,0.0,0.03649694845080376,0.0,0.0,0.2320418357849121,0.0,0.0
11,N/A,N/A,N/A,N/A,N/A,N/A,N/A,N/A,N/A,N/A,N/A,N/A,N/A,N/A,N/A,N/A,N/A,N/A,N/A,N/A,N/A,N/A,N/A,N/A,N/A,N/A,N/A,N/A,N/A,N/A,N/A,N/A,N/A,N/A,N/A,N/A,N/A,N/A,N/A,N/A,N/A,N/A,N/A,N/A,N/A,N/A,N/A,N/A,N/A,N/A,N/A,N/A,N/A,N/A,N/A,N/A,N/A,N/A,N/A,N/A,N/A,N/A,N/A,N/A,N/A,N/A,N/A,N/A,N/A,N/A,N/A,N/A,N/A,N/A,N/A,N/A,N/A,N/A,N/A,N/A,N/A,N/A,N/A,N/A,N/A,N/A,N/A,N/A,N/A,N/A,N/A,N/A,N/A,N/A,N/A,N/A,N/A,N/A,N/A,N/A,N/A,N/A,N/A,N/A
12,N/A,N/A,N/A,N/A,N/A,N/A,N/A,N/A,N/A,N/A,N/A,N/A,N/A,N/A,N/A,N/A,N/A,N/A,N/A,N/A,N/A,N/A,N/A,N/A,N/A,N/A,N/A,N/A,N/A,N/A,N/A,N/A,N/A,N/A,N/A,N/A,N/A,N/A,N/A,N/A,N/A,N/A,N/A,N/A,N/A,N/A,N/A,N/A,N/A,N/A,N/A,N/A,N/A,N/A,N/A,N/A,N/A,N/A,N/A,N/A,N/A,N/A,N/A,N/A,N/A,N/A,N/A,N/A,N/A,N/A,N/A,N/A,N/A,N/A,N/A,N/A,N/A,N/A,N/A,N/A,N/A,N/A,N/A,N/A,N/A,N/A,N/A,N/A,N/A,N/A,N/A,N/A,N/A,N/A,N/A,N/A,N/A,N/A,N/A,N/A,N/A,N/A,N/A,N/A
13,N/A,N/A,N/A,N/A,N/A,N/A,N/A,N/A,N/A,N/A,N/A,N/A,N/A,N/A,N/A,N/A,N/A,N/A,N/A,N/A,N/A,N/A,N/A,N/A,N/A,N/A,N/A,N/A,N/A,N/A,N/A,N/A,N/A,N/A,N/A,N/A,N/A,N/A,N/A,N/A,N/A,N/A,N/A,N/A,N/A,N/A,N/A,N/A,N/A,N/A,N/A,N/A,N/A,N/A,N/A,N/A,N/A,N/A,N/A,N/A,N/A,N/A,N/A,N/A,N/A,N/A,N/A,N/A,N/A,N/A,N/A,N/A,N/A,N/A,N/A,N/A,N/A,N/A,N/A,N/A,N/A,N/A,N/A,N/A,N/A,N/A,N/A,N/A,N/A,N/A,N/A,N/A,N/A,N/A,N/A,N/A,N/A,N/A,N/A,N/A,N/A,N/A,N/A,N/A
14,N/A,N/A,N/A,N/A,N/A,N/A,N/A,N/A,N/A,N/A,N/A,N/A,N/A,N/A,N/A,N/A,N/A,N/A,N/A,N/A,N/A,N/A,N/A,N/A,N/A,N/A,N/A,N/A,N/A,N/A,N/A,N/A,N/A,N/A,N/A,N/A,N/A,N/A,N/A,N/A,N/A,N/A,N/A,N/A,N/A,N/A,N/A,N/A,N/A,N/A,N/A,N/A,N/A,N/A,N/A,N/A,N/A,N/A,N/A,N/A,N/A,N/A,N/A,N/A,N/A,N/A,N/A,N/A,N/A,N/A,N/A,N/A,N/A,N/A,N/A,N/A,N/A,N/A,N/A,N/A,N/A,N/A,N/A,N/A,N/A,N/A,N/A,N/A,N/A,N/A,N/A,N/A,N/A,N/A,N/A,N/A,N/A,N/A,N/A,N/A,N/A,N/A,N/A,N/A
15,0.8139554262161255,0.0028353845700621605,0.0,0.5250817537307739,0.15046192705631256,0.4606034755706787,0.7109077572822571,0.0,0.32764819264411926,0.023730885237455368,0.3552645146846771,0.1548623889684677,0.43734002113342285,0.4551667869091034,0.38399168848991394,0.1570187360048294,0.14924010634422302,0.19213905930519104,0.35417118668556213,0.0,0.0,0.3934086263179779,0.20453497767448425,0.0,0.31902021169662476,0.4591984748840332,0.0,0.15941305458545685,0.3623684048652649,0.5043509602546692,0.5850861072540283,0.31940194964408875,0.4259152412414551,0.29569515585899353,0.07217992842197418,0.33616065979003906,0.44070926308631897,0.5869131684303284,0.12738651037216187,0.5073921084403992,0.26265037059783936,0.5413395166397095,0.5325029492378235,0.0,0.42392438650131226,0.12749822437763214,0.40909910202026367,0.09891732037067413,0.4372898042201996,0.18348227441310883,0.16338545083999634,0.04142562299966812,0.2942104637622833,0.20935972034931183,0.15374889969825745,0.5395925045013428,0.4879235625267029,0.4136222302913666,0.5069020390510559,0.6870537400245667,0.0,0.15483646094799042,0.0046343994326889515,0.2269444763660431,0.3772362768650055,0.43569689989089966,0.6284021735191345,0.3998528718948364,0.3199092149734497,0.07047241926193237,0.5105767846107483,0.3702854812145233,0.48132312297821045,0.556537926197052,0.0,0.0,0.11860359460115433,0.2772807776927948,0.3982605040073395,0.23539665341377258,0.32511985301971436,0.3876985013484955,0.48663488030433655,0.019831974059343338,0.5674984455108643,0.5647519826889038,0.0,0.6968634724617004,0.4985159933567047,0.38716164231300354,0.22477468848228455,0.41169223189353943,0.31401950120925903,0.30827271938323975,0.37418287992477417,0.5969204306602478,0.5519165992736816,0.0,0.05208825692534447,0.0,0.0,0.21102413535118103,0.0,0.0004304475733079016
16,N/A,N/A,N/A,N/A,N/A,N/A,N/A,N/A,N/A,N/A,N/A,N/A,N/A,N/A,N/A,N/A,N/A,N/A,N/A,N/A,N/A,N/A,N/A,N/A,N/A,N/A,N/A,N/A,N/A,N/A,N/A,N/A,N/A,N/A,N/A,N/A,N/A,N/A,N/A,N/A,N/A,N/A,N/A,N/A,N/A,N/A,N/A,N/A,N/A,N/A,N/A,N/A,N/A,N/A,N/A,N/A,N/A,N/A,N/A,N/A,N/A,N/A,N/A,N/A,N/A,N/A,N/A,N/A,N/A,N/A,N/A,N/A,N/A,N/A,N/A,N/A,N/A,N/A,N/A,N/A,N/A,N/A,N/A,N/A,N/A,N/A,N/A,N/A,N/A,N/A,N/A,N/A,N/A,N/A,N/A,N/A,N/A,N/A,N/A,N/A,N/A,N/A,N/A,N/A
17,N/A,N/A,N/A,N/A,N/A,N/A,N/A,N/A,N/A,N/A,N/A,N/A,N/A,N/A,N/A,N/A,N/A,N/A,N/A,N/A,N/A,N/A,N/A,N/A,N/A,N/A,N/A,N/A,N/A,N/A,N/A,N/A,N/A,N/A,N/A,N/A,N/A,N/A,N/A,N/A,N/A,N/A,N/A,N/A,N/A,N/A,N/A,N/A,N/A,N/A,N/A,N/A,N/A,N/A,N/A,N/A,N/A,N/A,N/A,N/A,N/A,N/A,N/A,N/A,N/A,N/A,N/A,N/A,N/A,N/A,N/A,N/A,N/A,N/A,N/A,N/A,N/A,N/A,N/A,N/A,N/A,N/A,N/A,N/A,N/A,N/A,N/A,N/A,N/A,N/A,N/A,N/A,N/A,N/A,N/A,N/A,N/A,N/A,N/A,N/A,N/A,N/A,N/A,N/A
18,N/A,N/A,N/A,N/A,N/A,N/A,N/A,N/A,N/A,N/A,N/A,N/A,N/A,N/A,N/A,N/A,N/A,N/A,N/A,N/A,N/A,N/A,N/A,N/A,N/A,N/A,N/A,N/A,N/A,N/A,N/A,N/A,N/A,N/A,N/A,N/A,N/A,N/A,N/A,N/A,N/A,N/A,N/A,N/A,N/A,N/A,N/A,N/A,N/A,N/A,N/A,N/A,N/A,N/A,N/A,N/A,N/A,N/A,N/A,N/A,N/A,N/A,N/A,N/A,N/A,N/A,N/A,N/A,N/A,N/A,N/A,N/A,N/A,N/A,N/A,N/A,N/A,N/A,N/A,N/A,N/A,N/A,N/A,N/A,N/A,N/A,N/A,N/A,N/A,N/A,N/A,N/A,N/A,N/A,N/A,N/A,N/A,N/A,N/A,N/A,N/A,N/A,N/A,N/A
19,N/A,N/A,N/A,N/A,N/A,N/A,N/A,N/A,N/A,N/A,N/A,N/A,N/A,N/A,N/A,N/A,N/A,N/A,N/A,N/A,N/A,N/A,N/A,N/A,N/A,N/A,N/A,N/A,N/A,N/A,N/A,N/A,N/A,N/A,N/A,N/A,N/A,N/A,N/A,N/A,N/A,N/A,N/A,N/A,N/A,N/A,N/A,N/A,N/A,N/A,N/A,N/A,N/A,N/A,N/A,N/A,N/A,N/A,N/A,N/A,N/A,N/A,N/A,N/A,N/A,N/A,N/A,N/A,N/A,N/A,N/A,N/A,N/A,N/A,N/A,N/A,N/A,N/A,N/A,N/A,N/A,N/A,N/A,N/A,N/A,N/A,N/A,N/A,N/A,N/A,N/A,N/A,N/A,N/A,N/A,N/A,N/A,N/A,N/A,N/A,N/A,N/A,N/A,N/A
20,0.8070018291473389,0.06706950068473816,0.0,0.5426235795021057,0.1831129938364029,0.3275402784347534,0.5027074813842773,0.0,0.3584047555923462,0.05576261132955551,0.41668060421943665,0.2599649429321289,0.4943983256816864,0.42147377133369446,0.4292140603065491,0.3910549283027649,0.06067335978150368,0.23550622165203094,0.3180284798145294,0.0,0.0,0.28415197134017944,0.19528767466545105,0.0,0.37199667096138,0.4700288772583008,0.0,0.1175960898399353,0.34005242586135864,0.6825206279754639,0.6503817439079285,0.33262744545936584,0.42537498474121094,0.33242401480674744,0.1747095137834549,0.275376558303833,0.486320823431015,0.6273772716522217,0.34616127610206604,0.6421680450439453,0.3471983075141907,0.6193951964378357,0.5216243267059326,0.05608338490128517,0.45068448781967163,0.3133285641670227,0.33622199296951294,0.2098027467727661,0.37051644921302795,0.20469142496585846,0.15965579450130463,0.1364038735628128,0.30734747648239136,0.2887776494026184,0.35979345440864563,0.446777880191803,0.5043162107467651,0.37546446919441223,0.5114124417304993,0.6959601640701294,0.0,0.18006044626235962,0.21190382540225983,0.04979432374238968,0.4679156243801117,0.4812220335006714,0.5965164303779602,0.40418025851249695,0.38904842734336853,0.0,0.46351805329322815,0.3973686099052429,0.36184415221214294,0.4729398488998413,0.0,0.0,0.16365191340446472,0.1451357752084732,0.3197906017303467,0.2908298373222351,0.3906281590461731,0.38318777084350586,0.5507454872131348,0.0862087607383728,0.602777361869812,0.5357246398925781,0.0,0.7119121551513672,0.5032290816307068,0.3389512002468109,0.31224608421325684,0.29791995882987976,0.41240522265434265,0.3049285113811493,0.31999436020851135,0.6231750249862671,0.5745583176612854,0.0,0.18824638426303864,0.0,0.0,0.2597351372241974,0.0,0.0004993191687390208
21,N/A,N/A,N/A,N/A,N/A,N/A,N/A,N/A,N/A,N/A,N/A,N/A,N/A,N/A,N/A,N/A,N/A,N/A,N/A,N/A,N/A,N/A,N/A,N/A,N/A,N/A,N/A,N/A,N/A,N/A,N/A,N/A,N/A,N/A,N/A,N/A,N/A,N/A,N/A,N/A,N/A,N/A,N/A,N/A,N/A,N/A,N/A,N/A,N/A,N/A,N/A,N/A,N/A,N/A,N/A,N/A,N/A,N/A,N/A,N/A,N/A,N/A,N/A,N/A,N/A,N/A,N/A,N/A,N/A,N/A,N/A,N/A,N/A,N/A,N/A,N/A,N/A,N/A,N/A,N/A,N/A,N/A,N/A,N/A,N/A,N/A,N/A,N/A,N/A,N/A,N/A,N/A,N/A,N/A,N/A,N/A,N/A,N/A,N/A,N/A,N/A,N/A,N/A,N/A
22,N/A,N/A,N/A,N/A,N/A,N/A,N/A,N/A,N/A,N/A,N/A,N/A,N/A,N/A,N/A,N/A,N/A,N/A,N/A,N/A,N/A,N/A,N/A,N/A,N/A,N/A,N/A,N/A,N/A,N/A,N/A,N/A,N/A,N/A,N/A,N/A,N/A,N/A,N/A,N/A,N/A,N/A,N/A,N/A,N/A,N/A,N/A,N/A,N/A,N/A,N/A,N/A,N/A,N/A,N/A,N/A,N/A,N/A,N/A,N/A,N/A,N/A,N/A,N/A,N/A,N/A,N/A,N/A,N/A,N/A,N/A,N/A,N/A,N/A,N/A,N/A,N/A,N/A,N/A,N/A,N/A,N/A,N/A,N/A,N/A,N/A,N/A,N/A,N/A,N/A,N/A,N/A,N/A,N/A,N/A,N/A,N/A,N/A,N/A,N/A,N/A,N/A,N/A,N/A
23,N/A,N/A,N/A,N/A,N/A,N/A,N/A,N/A,N/A,N/A,N/A,N/A,N/A,N/A,N/A,N/A,N/A,N/A,N/A,N/A,N/A,N/A,N/A,N/A,N/A,N/A,N/A,N/A,N/A,N/A,N/A,N/A,N/A,N/A,N/A,N/A,N/A,N/A,N/A,N/A,N/A,N/A,N/A,N/A,N/A,N/A,N/A,N/A,N/A,N/A,N/A,N/A,N/A,N/A,N/A,N/A,N/A,N/A,N/A,N/A,N/A,N/A,N/A,N/A,N/A,N/A,N/A,N/A,N/A,N/A,N/A,N/A,N/A,N/A,N/A,N/A,N/A,N/A,N/A,N/A,N/A,N/A,N/A,N/A,N/A,N/A,N/A,N/A,N/A,N/A,N/A,N/A,N/A,N/A,N/A,N/A,N/A,N/A,N/A,N/A,N/A,N/A,N/A,N/A
24,N/A,N/A,N/A,N/A,N/A,N/A,N/A,N/A,N/A,N/A,N/A,N/A,N/A,N/A,N/A,N/A,N/A,N/A,N/A,N/A,N/A,N/A,N/A,N/A,N/A,N/A,N/A,N/A,N/A,N/A,N/A,N/A,N/A,N/A,N/A,N/A,N/A,N/A,N/A,N/A,N/A,N/A,N/A,N/A,N/A,N/A,N/A,N/A,N/A,N/A,N/A,N/A,N/A,N/A,N/A,N/A,N/A,N/A,N/A,N/A,N/A,N/A,N/A,N/A,N/A,N/A,N/A,N/A,N/A,N/A,N/A,N/A,N/A,N/A,N/A,N/A,N/A,N/A,N/A,N/A,N/A,N/A,N/A,N/A,N/A,N/A,N/A,N/A,N/A,N/A,N/A,N/A,N/A,N/A,N/A,N/A,N/A,N/A,N/A,N/A,N/A,N/A,N/A,N/A
25,0.7917383313179016,0.027842821553349495,0.0,0.5490658283233643,0.193589985370636,0.3898692727088928,0.46372267603874207,0.0,0.2835630476474762,0.04531145468354225,0.41272905468940735,0.25054576992988586,0.28659921884536743,0.43802833557128906,0.19144976139068604,0.18275074660778046,0.19741308689117432,0.33517634868621826,0.2050980180501938,0.0,0.0,0.37102940678596497,0.22314141690731049,0.0,0.413529634475708,0.42838776111602783,0.0,0.1869736909866333,0.36924806237220764,0.6504337787628174,0.5668163299560547,0.3645443916320801,0.43542173504829407,0.2852727174758911,0.1867663562297821,0.41041091084480286,0.405595600605011,0.48041054606437683,0.3014487326145172,0.628495991230011,0.1817048341035843,0.5646194219589233,0.5578942894935608,0.0009631750290282071,0.4177726209163666,0.3288347125053406,0.37641751766204834,0.0920620784163475,0.4266173839569092,0.18330518901348114,0.012668618932366371,0.04676724597811699,0.3173593282699585,0.06505050510168076,0.27684125304222107,0.3393491506576538,0.3737013339996338,0.38705679774284363,0.4901828169822693,0.7247053980827332,0.0,0.2373126596212387,0.01285160519182682,0.2339322417974472,0.4885379374027252,0.4692043960094452,0.5675236582756042,0.3389337360858917,0.35902634263038635,0.0,0.48417794704437256,0.5227855443954468,0.5414314270019531,0.5531288981437683,0.0,0.0,0.1752956360578537,0.28097543120384216,0.4806572198867798,0.1697440892457962,0.2626425325870514,0.4726082682609558,0.5354264974594116,0.20982937514781952,0.6276167631149292,0.6171414256095886,0.0,0.7154572606086731,0.536697506904602,0.3745032548904419,0.3382491171360016,0.3034885823726654,0.26496362686157227,0.31489354372024536,0.3378234803676605,0.5734643340110779,0.6005136370658875,0.0,0.2853080630302429,0.0,0.0,0.19036459922790527,0.0,0.00423559220507741
26,N/A,N/A,N/A,N/A,N/A,N/A,N/A,N/A,N/A,N/A,N/A,N/A,N/A,N/A,N/A,N/A,N/A,N/A,N/A,N/A,N/A,N/A,N/A,N/A,N/A,N/A,N/A,N/A,N/A,N/A,N/A,N/A,N/A,N/A,N/A,N/A,N/A,N/A,N/A,N/A,N/A,N/A,N/A,N/A,N/A,N/A,N/A,N/A,N/A,N/A,N/A,N/A,N/A,N/A,N/A,N/A,N/A,N/A,N/A,N/A,N/A,N/A,N/A,N/A,N/A,N/A,N/A,N/A,N/A,N/A,N/A,N/A,N/A,N/A,N/A,N/A,N/A,N/A,N/A,N/A,N/A,N/A,N/A,N/A,N/A,N/A,N/A,N/A,N/A,N/A,N/A,N/A,N/A,N/A,N/A,N/A,N/A,N/A,N/A,N/A,N/A,N/A,N/A,N/A
27,N/A,N/A,N/A,N/A,N/A,N/A,N/A,N/A,N/A,N/A,N/A,N/A,N/A,N/A,N/A,N/A,N/A,N/A,N/A,N/A,N/A,N/A,N/A,N/A,N/A,N/A,N/A,N/A,N/A,N/A,N/A,N/A,N/A,N/A,N/A,N/A,N/A,N/A,N/A,N/A,N/A,N/A,N/A,N/A,N/A,N/A,N/A,N/A,N/A,N/A,N/A,N/A,N/A,N/A,N/A,N/A,N/A,N/A,N/A,N/A,N/A,N/A,N/A,N/A,N/A,N/A,N/A,N/A,N/A,N/A,N/A,N/A,N/A,N/A,N/A,N/A,N/A,N/A,N/A,N/A,N/A,N/A,N/A,N/A,N/A,N/A,N/A,N/A,N/A,N/A,N/A,N/A,N/A,N/A,N/A,N/A,N/A,N/A,N/A,N/A,N/A,N/A,N/A,N/A
28,N/A,N/A,N/A,N/A,N/A,N/A,N/A,N/A,N/A,N/A,N/A,N/A,N/A,N/A,N/A,N/A,N/A,N/A,N/A,N/A,N/A,N/A,N/A,N/A,N/A,N/A,N/A,N/A,N/A,N/A,N/A,N/A,N/A,N/A,N/A,N/A,N/A,N/A,N/A,N/A,N/A,N/A,N/A,N/A,N/A,N/A,N/A,N/A,N/A,N/A,N/A,N/A,N/A,N/A,N/A,N/A,N/A,N/A,N/A,N/A,N/A,N/A,N/A,N/A,N/A,N/A,N/A,N/A,N/A,N/A,N/A,N/A,N/A,N/A,N/A,N/A,N/A,N/A,N/A,N/A,N/A,N/A,N/A,N/A,N/A,N/A,N/A,N/A,N/A,N/A,N/A,N/A,N/A,N/A,N/A,N/A,N/A,N/A,N/A,N/A,N/A,N/A,N/A,N/A
29,N/A,N/A,N/A,N/A,N/A,N/A,N/A,N/A,N/A,N/A,N/A,N/A,N/A,N/A,N/A,N/A,N/A,N/A,N/A,N/A,N/A,N/A,N/A,N/A,N/A,N/A,N/A,N/A,N/A,N/A,N/A,N/A,N/A,N/A,N/A,N/A,N/A,N/A,N/A,N/A,N/A,N/A,N/A,N/A,N/A,N/A,N/A,N/A,N/A,N/A,N/A,N/A,N/A,N/A,N/A,N/A,N/A,N/A,N/A,N/A,N/A,N/A,N/A,N/A,N/A,N/A,N/A,N/A,N/A,N/A,N/A,N/A,N/A,N/A,N/A,N/A,N/A,N/A,N/A,N/A,N/A,N/A,N/A,N/A,N/A,N/A,N/A,N/A,N/A,N/A,N/A,N/A,N/A,N/A,N/A,N/A,N/A,N/A,N/A,N/A,N/A,N/A,N/A,N/A
30,0.801171064376831,0.042700402438640594,0.0,0.513756513595581,0.23679883778095245,0.4782849848270416,0.6449673771858215,0.0,0.29183724522590637,0.023514335975050926,0.3689987063407898,0.3379864990711212,0.38452544808387756,0.4666668772697449,0.30493617057800293,0.4361412525177002,0.07747999578714371,0.29985353350639343,0.34241241216659546,0.014539500698447227,0.0,0.25708717107772827,0.17797699570655823,0.0,0.44138386845588684,0.5095087289810181,0.09836693853139877,0.16906319558620453,0.3985815644264221,0.6976790428161621,0.6342950463294983,0.372916042804718,0.494807630777359,0.3138374090194702,0.16257421672344208,0.3216210603713989,0.4243672788143158,0.5730577707290649,0.2273416817188263,0.643106997013092,0.34293898940086365,0.6575770974159241,0.5070970058441162,0.05875472351908684,0.4202699065208435,0.36273106932640076,0.33365052938461304,0.2188316136598587,0.31710633635520935,0.28351572155952454,0.11842123419046402,0.1828235238790512,0.2971154749393463,0.25143951177597046,0.25248196721076965,0.43671107292175293,0.41800764203071594,0.2853962182998657,0.505715012550354,0.7377858757972717,0.0,0.2067062109708786,0.21434232592582703,0.20972329378128052,0.4939057528972626,0.46579915285110474,0.5566682815551758,0.386531263589859,0.3536849021911621,0.02467137947678566,0.4389100968837738,0.441089928150177,0.46706098318099976,0.5670790672302246,0.0,0.0,0.18511345982551575,0.1653522104024887,0.39735132455825806,0.3380216360092163,0.4000506103038788,0.36127740144729614,0.507057249546051,0.14892612397670746,0.6153144240379333,0.6606043577194214,0.0,0.726228654384613,0.5596685409545898,0.3433324992656708,0.30618545413017273,0.35991260409355164,0.37574583292007446,0.3596511483192444,0.27878668904304504,0.6405966281890869,0.5907873511314392,0.0,0.3268064856529236,0.0,0.0,0.21437937021255493,0.0,0.002505147596821189
31,N/A,N/A,N/A,N/A,N/A,N/A,N/A,N/A,N/A,N/A,N/A,N/A,N/A,N/A,N/A,N/A,N/A,N/A,N/A,N/A,N/A,N/A,N/A,N/A,N/A,N/A,N/A,N/A,N/A,N/A,N/A,N/A,N/A,N/A,N/A,N/A,N/A,N/A,N/A,N/A,N/A,N/A,N/A,N/A,N/A,N/A,N/A,N/A,N/A,N/A,N/A,N/A,N/A,N/A,N/A,N/A,N/A,N/A,N/A,N/A,N/A,N/A,N/A,N/A,N/A,N/A,N/A,N/A,N/A,N/A,N/A,N/A,N/A,N/A,N/A,N/A,N/A,N/A,N/A,N/A,N/A,N/A,N/A,N/A,N/A,N/A,N/A,N/A,N/A,N/A,N/A,N/A,N/A,N/A,N/A,N/A,N/A,N/A,N/A,N/A,N/A,N/A,N/A,N/A
32,N/A,N/A,N/A,N/A,N/A,N/A,N/A,N/A,N/A,N/A,N/A,N/A,N/A,N/A,N/A,N/A,N/A,N/A,N/A,N/A,N/A,N/A,N/A,N/A,N/A,N/A,N/A,N/A,N/A,N/A,N/A,N/A,N/A,N/A,N/A,N/A,N/A,N/A,N/A,N/A,N/A,N/A,N/A,N/A,N/A,N/A,N/A,N/A,N/A,N/A,N/A,N/A,N/A,N/A,N/A,N/A,N/A,N/A,N/A,N/A,N/A,N/A,N/A,N/A,N/A,N/A,N/A,N/A,N/A,N/A,N/A,N/A,N/A,N/A,N/A,N/A,N/A,N/A,N/A,N/A,N/A,N/A,N/A,N/A,N/A,N/A,N/A,N/A,N/A,N/A,N/A,N/A,N/A,N/A,N/A,N/A,N/A,N/A,N/A,N/A,N/A,N/A,N/A,N/A
33,N/A,N/A,N/A,N/A,N/A,N/A,N/A,N/A,N/A,N/A,N/A,N/A,N/A,N/A,N/A,N/A,N/A,N/A,N/A,N/A,N/A,N/A,N/A,N/A,N/A,N/A,N/A,N/A,N/A,N/A,N/A,N/A,N/A,N/A,N/A,N/A,N/A,N/A,N/A,N/A,N/A,N/A,N/A,N/A,N/A,N/A,N/A,N/A,N/A,N/A,N/A,N/A,N/A,N/A,N/A,N/A,N/A,N/A,N/A,N/A,N/A,N/A,N/A,N/A,N/A,N/A,N/A,N/A,N/A,N/A,N/A,N/A,N/A,N/A,N/A,N/A,N/A,N/A,N/A,N/A,N/A,N/A,N/A,N/A,N/A,N/A,N/A,N/A,N/A,N/A,N/A,N/A,N/A,N/A,N/A,N/A,N/A,N/A,N/A,N/A,N/A,N/A,N/A,N/A
34,N/A,N/A,N/A,N/A,N/A,N/A,N/A,N/A,N/A,N/A,N/A,N/A,N/A,N/A,N/A,N/A,N/A,N/A,N/A,N/A,N/A,N/A,N/A,N/A,N/A,N/A,N/A,N/A,N/A,N/A,N/A,N/A,N/A,N/A,N/A,N/A,N/A,N/A,N/A,N/A,N/A,N/A,N/A,N/A,N/A,N/A,N/A,N/A,N/A,N/A,N/A,N/A,N/A,N/A,N/A,N/A,N/A,N/A,N/A,N/A,N/A,N/A,N/A,N/A,N/A,N/A,N/A,N/A,N/A,N/A,N/A,N/A,N/A,N/A,N/A,N/A,N/A,N/A,N/A,N/A,N/A,N/A,N/A,N/A,N/A,N/A,N/A,N/A,N/A,N/A,N/A,N/A,N/A,N/A,N/A,N/A,N/A,N/A,N/A,N/A,N/A,N/A,N/A,N/A
35,0.8431344628334045,0.1676599532365799,0.0,0.5785260796546936,0.21265770494937897,0.4805734157562256,0.7150811553001404,0.0,0.38317692279815674,0.08564776927232742,0.4011231064796448,0.33529144525527954,0.47873932123184204,0.4876086115837097,0.4213586747646332,0.4547710120677948,0.12816764414310455,0.3474937975406647,0.3687193989753723,0.001677969004958868,0.0,0.3564443290233612,0.25780099630355835,0.0,0.5131518244743347,0.4509752094745636,0.10789027065038681,0.1402738243341446,0.4173297882080078,0.6716486215591431,0.659325897693634,0.3423798382282257,0.5087078809738159,0.38696274161338806,0.24135786294937134,0.4415264427661896,0.49295365810394287,0.6074091792106628,0.2528700828552246,0.6040497422218323,0.44469425082206726,0.6514814496040344,0.6053866147994995,0.062090594321489334,0.4048965275287628,0.47271475195884705,0.4213221073150635,0.18838584423065186,0.45572230219841003,0.27450111508369446,0.17266421020030975,0.10500743985176086,0.3356178104877472,0.32926803827285767,0.4002569317817688,0.5326300859451294,0.5133020877838135,0.391527384519577,0.5194838643074036,0.7701429724693298,0.0,0.22113476693630219,0.2088787704706192,0.3120971918106079,0.5263091325759888,0.5213789343833923,0.63360595703125,0.3359714150428772,0.366098016500473,0.0188569575548172,0.5114235877990723,0.4185710847377777,0.5702148675918579,0.6053876876831055,0.0,0.124810129404068,0.23415124416351318,0.2337452471256256,0.40327346324920654,0.31789737939834595,0.42067277431488037,0.4228641390800476,0.5799963474273682,0.1955229490995407,0.6542893648147583,0.6741238236427307,0.0,0.7642361521720886,0.5500605702400208,0.40043333172798157,0.37749141454696655,0.42113974690437317,0.5089752674102783,0.36441585421562195,0.40519654750823975,0.6525387167930603,0.6263469457626343,0.0,0.34259259700775146,0.0,0.0,0.24854153394699097,0.0,0.029947718605399132
36,N/A,N/A,N/A,N/A,N/A,N/A,N/A,N/A,N/A,N/A,N/A,N/A,N/A,N/A,N/A,N/A,N/A,N/A,N/A,N/A,N/A,N/A,N/A,N/A,N/A,N/A,N/A,N/A,N/A,N/A,N/A,N/A,N/A,N/A,N/A,N/A,N/A,N/A,N/A,N/A,N/A,N/A,N/A,N/A,N/A,N/A,N/A,N/A,N/A,N/A,N/A,N/A,N/A,N/A,N/A,N/A,N/A,N/A,N/A,N/A,N/A,N/A,N/A,N/A,N/A,N/A,N/A,N/A,N/A,N/A,N/A,N/A,N/A,N/A,N/A,N/A,N/A,N/A,N/A,N/A,N/A,N/A,N/A,N/A,N/A,N/A,N/A,N/A,N/A,N/A,N/A,N/A,N/A,N/A,N/A,N/A,N/A,N/A,N/A,N/A,N/A,N/A,N/A,N/A
37,N/A,N/A,N/A,N/A,N/A,N/A,N/A,N/A,N/A,N/A,N/A,N/A,N/A,N/A,N/A,N/A,N/A,N/A,N/A,N/A,N/A,N/A,N/A,N/A,N/A,N/A,N/A,N/A,N/A,N/A,N/A,N/A,N/A,N/A,N/A,N/A,N/A,N/A,N/A,N/A,N/A,N/A,N/A,N/A,N/A,N/A,N/A,N/A,N/A,N/A,N/A,N/A,N/A,N/A,N/A,N/A,N/A,N/A,N/A,N/A,N/A,N/A,N/A,N/A,N/A,N/A,N/A,N/A,N/A,N/A,N/A,N/A,N/A,N/A,N/A,N/A,N/A,N/A,N/A,N/A,N/A,N/A,N/A,N/A,N/A,N/A,N/A,N/A,N/A,N/A,N/A,N/A,N/A,N/A,N/A,N/A,N/A,N/A,N/A,N/A,N/A,N/A,N/A,N/A
38,N/A,N/A,N/A,N/A,N/A,N/A,N/A,N/A,N/A,N/A,N/A,N/A,N/A,N/A,N/A,N/A,N/A,N/A,N/A,N/A,N/A,N/A,N/A,N/A,N/A,N/A,N/A,N/A,N/A,N/A,N/A,N/A,N/A,N/A,N/A,N/A,N/A,N/A,N/A,N/A,N/A,N/A,N/A,N/A,N/A,N/A,N/A,N/A,N/A,N/A,N/A,N/A,N/A,N/A,N/A,N/A,N/A,N/A,N/A,N/A,N/A,N/A,N/A,N/A,N/A,N/A,N/A,N/A,N/A,N/A,N/A,N/A,N/A,N/A,N/A,N/A,N/A,N/A,N/A,N/A,N/A,N/A,N/A,N/A,N/A,N/A,N/A,N/A,N/A,N/A,N/A,N/A,N/A,N/A,N/A,N/A,N/A,N/A,N/A,N/A,N/A,N/A,N/A,N/A
39,N/A,N/A,N/A,N/A,N/A,N/A,N/A,N/A,N/A,N/A,N/A,N/A,N/A,N/A,N/A,N/A,N/A,N/A,N/A,N/A,N/A,N/A,N/A,N/A,N/A,N/A,N/A,N/A,N/A,N/A,N/A,N/A,N/A,N/A,N/A,N/A,N/A,N/A,N/A,N/A,N/A,N/A,N/A,N/A,N/A,N/A,N/A,N/A,N/A,N/A,N/A,N/A,N/A,N/A,N/A,N/A,N/A,N/A,N/A,N/A,N/A,N/A,N/A,N/A,N/A,N/A,N/A,N/A,N/A,N/A,N/A,N/A,N/A,N/A,N/A,N/A,N/A,N/A,N/A,N/A,N/A,N/A,N/A,N/A,N/A,N/A,N/A,N/A,N/A,N/A,N/A,N/A,N/A,N/A,N/A,N/A,N/A,N/A,N/A,N/A,N/A,N/A,N/A,N/A
40,0.8691282272338867,0.23059864342212677,0.0,0.6075151562690735,0.23829017579555511,0.5140178203582764,0.7337851524353027,0.0,0.42290112376213074,0.06105666607618332,0.4607049226760864,0.3355420231819153,0.5276087522506714,0.469257116317749,0.5479180812835693,0.4745747745037079,0.12085296213626862,0.379381000995636,0.3352907598018646,0.005103552248328924,0.010647269897162914,0.39309418201446533,0.2673161029815674,0.0,0.5282176733016968,0.5267685651779175,0.3296663165092468,0.17007678747177124,0.44858402013778687,0.711119532585144,0.6709418296813965,0.4036165475845337,0.508907675743103,0.41933733224868774,0.21858923137187958,0.44174841046333313,0.485809326171875,0.6342042684555054,0.3977700173854828,0.6373207569122314,0.44303441047668457,0.6498866081237793,0.5841869115829468,0.06819730252027512,0.49353262782096863,0.4229796528816223,0.4299571216106415,0.2236427366733551,0.47055691480636597,0.2572610080242157,0.15987397730350494,0.2078782171010971,0.39304542541503906,0.38793718814849854,0.41626015305519104,0.5682608485221863,0.5825611352920532,0.369894415140152,0.5578336119651794,0.7890740036964417,0.0,0.23844927549362183,0.283079594373703,0.30163952708244324,0.5458025932312012,0.5612108707427979,0.6579720973968506,0.43822914361953735,0.42708611488342285,0.016571294516324997,0.5562350153923035,0.484828382730484,0.5942849516868591,0.6292359828948975,0.0,0.03139109909534454,0.21368545293807983,0.2641034722328186,0.5499821305274963,0.44063639640808105,0.4275478720664978,0.45915907621383667,0.6078009009361267,0.2535666227340698,0.6822357773780823,0.6885924339294434,0.0,0.7709306478500366,0.5873260498046875,0.4324771463871002,0.38700780272483826,0.43534740805625916,0.5512708425521851,0.36982065439224243,0.4455573260784149,0.665291965007782,0.6539496779441833,0.0,0.27584755420684814,0.07002320140600204,0.0,0.2522068917751312,0.0018883830634877086,0.027958422899246216
41,N/A,N/A,N/A,N/A,N/A,N/A,N/A,N/A,N/A,N/A,N/A,N/A,N/A,N/A,N/A,N/A,N/A,N/A,N/A,N/A,N/A,N/A,N/A,N/A,N/A,N/A,N/A,N/A,N/A,N/A,N/A,N/A,N/A,N/A,N/A,N/A,N/A,N/A,N/A,N/A,N/A,N/A,N/A,N/A,N/A,N/A,N/A,N/A,N/A,N/A,N/A,N/A,N/A,N/A,N/A,N/A,N/A,N/A,N/A,N/A,N/A,N/A,N/A,N/A,N/A,N/A,N/A,N/A,N/A,N/A,N/A,N/A,N/A,N/A,N/A,N/A,N/A,N/A,N/A,N/A,N/A,N/A,N/A,N/A,N/A,N/A,N/A,N/A,N/A,N/A,N/A,N/A,N/A,N/A,N/A,N/A,N/A,N/A,N/A,N/A,N/A,N/A,N/A,N/A
42,0.8567291498184204,0.2744041979312897,0.0,0.5962792038917542,0.23943357169628143,0.5077646970748901,0.7182896733283997,0.0,0.41537848114967346,0.08519750088453293,0.43340352177619934,0.27550458908081055,0.4797302484512329,0.3984828293323517,0.5327642560005188,0.4344750940799713,0.09410819411277771,0.3670888841152191,0.3782253563404083,0.032072294503450394,0.001169096678495407,0.4413752555847168,0.2547983229160309,0.0,0.44111010432243347,0.5195867419242859,0.3047860860824585,0.16799324750900269,0.408662885427475,0.7147725224494934,0.6640850901603699,0.39199599623680115,0.49492329359054565,0.4177648425102234,0.19123151898384094,0.42369964718818665,0.4432506263256073,0.608288586139679,0.4033275246620178,0.5356989502906799,0.41803863644599915,0.5605452060699463,0.6135544180870056,0.08978794515132904,0.4696459472179413,0.45878905057907104,0.38681045174598694,0.23352420330047607,0.44493648409843445,0.24121057987213135,0.15202145278453827,0.20807009935379028,0.3733442425727844,0.34326085448265076,0.4105839133262634,0.5042065382003784,0.567207932472229,0.34572938084602356,0.5529937744140625,0.7785923480987549,0.0,0.2381303757429123,0.2897455394268036,0.3310679793357849,0.5131847858428955,0.5426275134086609,0.6524764895439148,0.4414812922477722,0.4438595771789551,0.03537287190556526,0.5423835515975952,0.4106908142566681,0.5656698346138,0.6232318878173828,0.0,0.0737210288643837,0.23592549562454224,0.26645612716674805,0.5854217410087585,0.48668360710144043,0.4232812821865082,0.4335956573486328,0.5906040668487549,0.23480817675590515,0.6831059455871582,0.6626909375190735,0.0,0.7706285119056702,0.5772342085838318,0.4162363111972809,0.38424479961395264,0.4587002396583557,0.5576468110084534,0.33245450258255005,0.4418107867240906,0.6568734645843506,0.6433573365211487,0.0,0.23309104144573212,0.03573755919933319,0.0,0.20421284437179565,0.0018970213131979108,0.029922638088464737
43,0.8660577535629272,0.20146651566028595,0.0,0.5960907936096191,0.2394760102033615,0.4922153949737549,0.7494521737098694,0.0,0.40272364020347595,0.06494957953691483,0.45575952529907227,0.30851849913597107,0.5063260793685913,0.4038415849208832,0.5307353734970093,0.47825363278388977,0.08669856935739517,0.3513922691345215,0.3639228045940399,0.0029571072664111853,0.0025842527393251657,0.433098167181015,0.2722527086734772,0.0,0.4402868151664734,0.5201897621154785,0.4732060432434082,0.16212494671344757,0.4224086105823517,0.7140403389930725,0.6807543635368347,0.4205765426158905,0.521594226360321,0.41645750403404236,0.18260693550109863,0.44086429476737976,0.4985349774360657,0.6197516918182373,0.36790457367897034,0.6269873976707458,0.4311946928501129,0.6738852858543396,0.6064939498901367,0.08016039431095123,0.4760740101337433,0.45565420389175415,0.42801427841186523,0.23286327719688416,0.4498341381549835,0.25299546122550964,0.17128042876720428,0.19861723482608795,0.3612297773361206,0.3530368506908417,0.4204460680484772,0.5702775120735168,0.5754411220550537,0.34841111302375793,0.5482343435287476,0.7885248064994812,0.0,0.25708088278770447,0.24263420701026917,0.2885569930076599,0.5350932478904724,0.5463445782661438,0.6464464664459229,0.446760892868042,0.44391360878944397,0.027891241014003754,0.5451624393463135,0.44911518692970276,0.5350685119628906,0.632177472114563,0.0,0.0242784321308136,0.22957010567188263,0.2758026719093323,0.4701502323150635,0.47130995988845825,0.42065271735191345,0.40515071153640747,0.6054039597511292,0.2434946447610855,0.6730198264122009,0.662379801273346,0.0,0.7673025727272034,0.5831847786903381,0.42105722427368164,0.3956546187400818,0.46141311526298523,0.5606222748756409,0.3776401877403259,0.4358219504356384,0.6710795760154724,0.6426869034767151,0.0,0.28216588497161865,0.03158308565616608,0.0,0.23365741968154907,0.009408654645085335,0.029893139377236366
44,0.8661296367645264,0.25839516520500183,0.0,0.6014991998672485,0.2630772292613983,0.5046643614768982,0.7270551323890686,0.0,0.414166122674942,0.0818280577659607,0.4550178647041321,0.2900601923465729,0.5085081458091736,0.4234685003757477,0.5323495268821716,0.46963486075401306,0.08921771496534348,0.35164692997932434,0.4022941291332245,0.013300921767950058,0.0036392072215676308,0.4266420900821686,0.22657980024814606,0.0,0.4536089599132538,0.5210036039352417,0.5250583291053772,0.17348527908325195,0.4247419238090515,0.7156776189804077,0.6709175705909729,0.39597639441490173,0.5070288777351379,0.4105364680290222,0.20123450458049774,0.41816791892051697,0.5055894255638123,0.6273576617240906,0.3505573868751526,0.5890935063362122,0.4330802857875824,0.6445960998535156,0.6156335473060608,0.07932402193546295,0.4954824149608612,0.45322129130363464,0.4309941828250885,0.22516608238220215,0.4528750777244568,0.24561963975429535,0.1812627613544464,0.22229640185832977,0.38068917393684387,0.3547021746635437,0.405084490776062,0.5472449660301208,0.5843862295150757,0.37412014603614807,0.5495169162750244,0.7860537171363831,0.0,0.21297769248485565,0.26901835203170776,0.305862158536911,0.5303111672401428,0.5582252740859985,0.6595683693885803,0.44215959310531616,0.458402544260025,0.040617942810058594,0.5549960732460022,0.4112183153629303,0.545358419418335,0.6255301237106323,0.0,0.09403061866760254,0.23392032086849213,0.25169795751571655,0.5030380487442017,0.44667619466781616,0.41804569959640503,0.4533478915691376,0.6053759455680847,0.23661375045776367,0.6893905997276306,0.6762170195579529,0.0,0.775860071182251,0.5775588154792786,0.435179203748703,0.3854975700378418,0.46230751276016235,0.5666431188583374,0.35510027408599854,0.42100173234939575,0.6623823046684265,0.6296855211257935,0.0,0.23488472402095795,0.08776790648698807,0.0,0.2170870304107666,0.023838790133595467,0.03392307832837105
45,0.867526650428772,0.2664131224155426,0.0,0.6013553142547607,0.24003487825393677,0.5087303519248962,0.7383022904396057,0.0,0.41697606444358826,0.08332843333482742,0.44745662808418274,0.308721661567688,0.49611321091651917,0.42788204550743103,0.5468173027038574,0.4763334393501282,0.09147839993238449,0.3673348128795624,0.415634423494339,0.01189406681805849,0.0005208412185311317,0.4282674193382263,0.24912214279174805,0.0,0.4290356934070587,0.5220975279808044,0.4680771827697754,0.17446112632751465,0.44110599160194397,0.7116255164146423,0.6828945875167847,0.41232722997665405,0.5227808356285095,0.4185985028743744,0.22622361779212952,0.4439273476600647,0.4724503755569458,0.6335978507995605,0.34861552715301514,0.6132164597511292,0.4410373866558075,0.6734947562217712,0.6288033723831177,0.0790598914027214,0.49783599376678467,0.46982279419898987,0.4310591220855713,0.2233102023601532,0.4554648697376251,0.26174405217170715,0.17965807020664215,0.18608848750591278,0.3676356077194214,0.389334499835968,0.4137091040611267,0.5557296276092529,0.5741134285926819,0.3563655614852905,0.5514907836914062,0.7857620120048523,0.0,0.22882415354251862,0.26730746030807495,0.31866392493247986,0.5180184841156006,0.5570235848426819,0.6536321043968201,0.4342047870159149,0.36428970098495483,0.03863659128546715,0.5519365072250366,0.4433010220527649,0.5983582735061646,0.6349963545799255,0.0,0.07273507118225098,0.23636777698993683,0.27160048484802246,0.4767853915691376,0.46866512298583984,0.4280557930469513,0.396172434091568,0.5967225432395935,0.26757529377937317,0.6971418857574463,0.6848154664039612,0.0,0.7810392379760742,0.5920160412788391,0.43286967277526855,0.4111695885658264,0.4829145669937134,0.546653687953949,0.3719985783100128,0.45208755135536194,0.6565688252449036,0.6533567309379578,0.0,0.2469017654657364,0.10996899008750916,0.0,0.22766229510307312,0.05883205309510231,0.03878239542245865
46,0.8626908659934998,0.24406443536281586,0.0,0.6021198034286499,0.24440641701221466,0.5085209608078003,0.7128735184669495,0.0,0.41314050555229187,0.08219785988330841,0.44102373719215393,0.29561999440193176,0.4882042706012726,0.43176788091659546,0.529224693775177,0.45249322056770325,0.10743846744298935,0.3635503053665161,0.4182473421096802,0.0252436064183712,0.00022643560077995062,0.4388968050479889,0.23829104006290436,0.0,0.4530429244041443,0.5225414633750916,0.5133358240127563,0.1985367387533188,0.43287429213523865,0.7105557322502136,0.6761670708656311,0.39867931604385376,0.5211427807807922,0.405254989862442,0.23277398943901062,0.4384177029132843,0.4485405385494232,0.627102255821228,0.3410457372665405,0.5916597843170166,0.43611422181129456,0.6439312100410461,0.6276450157165527,0.07757949084043503,0.48693519830703735,0.4763250946998596,0.42877307534217834,0.22909675538539886,0.45303937792778015,0.24951329827308655,0.16897079348564148,0.20138199627399445,0.3746670186519623,0.3903624713420868,0.40258198976516724,0.556198000907898,0.5748165249824524,0.35970309376716614,0.55109041929245,0.7844097018241882,0.0,0.22089098393917084,0.24878521263599396,0.3132210969924927,0.526235818862915,0.5589750409126282,0.654603123664856,0.434162974357605,0.4194142818450928,0.044523101300001144,0.5533576011657715,0.46815183758735657,0.5869520902633667,0.631379246711731,0.0,0.1101888120174408,0.22384853661060333,0.26772814989089966,0.5200679898262024,0.4806572198867798,0.42710015177726746,0.43262287974357605,0.6011099815368652,0.2665713131427765,0.6928608417510986,0.6822838187217712,0.0,0.7743467092514038,0.5859920382499695,0.4302787780761719,0.39918282628059387,0.47180476784706116,0.5590837597846985,0.3722551465034485,0.43342143297195435,0.6602488160133362,0.6423892378807068,0.0,0.25132203102111816,0.08926106244325638,0.0,0.21772195398807526,0.03596820682287216,0.02992927096784115
47,0.8624363541603088,0.23623675107955933,0.0,0.603215217590332,0.2382974922657013,0.5107618570327759,0.7331160306930542,0.0,0.4197717308998108,0.08325336873531342,0.4477291405200958,0.29417404532432556,0.50015789270401,0.4249836504459381,0.5425032377243042,0.4713931083679199,0.09518145024776459,0.36870813369750977,0.403934508562088,0.016442451626062393,0.00028681408730335534,0.4378508925437927,0.25586363673210144,0.0,0.44646304845809937,0.518839418888092,0.5079681277275085,0.2018151730298996,0.4411422610282898,0.7105874419212341,0.6797512769699097,0.408613383769989,0.5262008905410767,0.4140428900718689,0.22460047900676727,0.43817436695098877,0.4579964280128479,0.6283079385757446,0.3315001428127289,0.6094290018081665,0.4324338734149933,0.6626052260398865,0.6220006346702576,0.08319797366857529,0.4966461956501007,0.46889570355415344,0.42925670742988586,0.23015019297599792,0.45310038328170776,0.2589776813983917,0.175140380859375,0.1913737952709198,0.3764352798461914,0.3986956477165222,0.4123440384864807,0.55058354139328,0.5783525705337524,0.36673760414123535,0.5478638410568237,0.7850391268730164,0.0,0.23833546042442322,0.25799667835235596,0.32187044620513916,0.5260646343231201,0.5571218729019165,0.6540600657463074,0.4382772445678711,0.4039405882358551,0.04039683938026428,0.5518305897712708,0.44249892234802246,0.5889942646026611,0.6329790949821472,0.0,0.07984906435012817,0.23454797267913818,0.2832188606262207,0.5015475153923035,0.46666067838668823,0.42649710178375244,0.4253295660018921,0.5952771306037903,0.26491278409957886,0.692640483379364,0.6860671639442444,0.0,0.7759700417518616,0.5846025347709656,0.4267060160636902,0.40148645639419556,0.4649493396282196,0.5573870539665222,0.37701216340065,0.44127586483955383,0.6654331684112549,0.6456979513168335,0.0,0.26522451639175415,0.09407538920640945,0.0,0.22923436760902405,0.022613368928432465,0.0330180861055851
48,0.8604891300201416,0.2190724015235901,0.0,0.6009716987609863,0.24067872762680054,0.5059791207313538,0.7237632870674133,0.0,0.4132894277572632,0.08240203559398651,0.44180798530578613,0.29088321328163147,0.500378429889679,0.42119795083999634,0.5420494675636292,0.46629253029823303,0.0981864333152771,0.3700765371322632,0.39388108253479004,0.006053929682821035,0.0,0.4249538481235504,0.26061955094337463,0.0,0.4578447639942169,0.5179124474525452,0.5295827984809875,0.2005769908428192,0.4251868426799774,0.7127830386161804,0.6781324744224548,0.39881467819213867,0.5265114307403564,0.41057026386260986,0.21500378847122192,0.4325464367866516,0.4643799066543579,0.6278619766235352,0.32564371824264526,0.6067308783531189,0.4247535467147827,0.6536166071891785,0.6235994100570679,0.08186318725347519,0.49006760120391846,0.47678473591804504,0.43045774102211,0.22309164702892303,0.45082661509513855,0.2590619921684265,0.1743089109659195,0.19657021760940552,0.3719685673713684,0.3930705785751343,0.41260966658592224,0.5607796311378479,0.5749107003211975,0.35803142189979553,0.5469526052474976,0.7799054980278015,0.0,0.22454124689102173,0.2636969983577728,0.31902891397476196,0.5196259617805481,0.5555622577667236,0.6547771096229553,0.43447089195251465,0.4269426465034485,0.042228877544403076,0.5505190491676331,0.45830368995666504,0.5964332818984985,0.6301798820495605,0.0,0.0822235643863678,0.22490912675857544,0.2645389139652252,0.5138539671897888,0.4713478684425354,0.425676167011261,0.42124322056770325,0.5917609333992004,0.2685392498970032,0.6868593692779541,0.6846721768379211,0.0,0.7740381956100464,0.5862359404563904,0.4294328987598419,0.39403247833251953,0.4611402153968811,0.5600932240486145,0.37664535641670227,0.43420448899269104,0.6527085900306702,0.6430051922798157,0.0,0.25927790999412537,0.0785602480173111,0.0,0.2220383882522583,0.03345805034041405,0.027550239115953445
49,0.8599982857704163,0.22203326225280762,0.0,0.6001609563827515,0.23997952044010162,0.5107903480529785,0.7266486287117004,0.0,0.41281506419181824,0.08278986066579819,0.4475231170654297,0.28514617681503296,0.5037851333618164,0.4159986078739166,0.541252076625824,0.4678594768047333,0.08983857184648514,0.36802539229393005,0.396848201751709,0.014884636737406254,8.303704089485109e-05,0.43751052021980286,0.25396728515625,0.0,0.4642854332923889,0.5172256827354431,0.5243174433708191,0.20381926000118256,0.43382856249809265,0.7138205766677856,0.6806945204734802,0.40041348338127136,0.5302019119262695,0.4122565686702728,0.21934644877910614,0.4306460916996002,0.4592267870903015,0.6272843480110168,0.3296796381473541,0.5987724661827087,0.43349194526672363,0.6576620936393738,0.618739902973175,0.07648599147796631,0.4934583306312561,0.4836430549621582,0.42982134222984314,0.22486813366413116,0.4536859393119812,0.2593536972999573,0.1761239618062973,0.1950862556695938,0.3762551248073578,0.4035593569278717,0.40648266673088074,0.5507261753082275,0.5785533785820007,0.35880839824676514,0.5478171110153198,0.782015860080719,0.0,0.23009660840034485,0.2635038495063782,0.31050458550453186,0.5292650461196899,0.5571593046188354,0.656044602394104,0.43776965141296387,0.43314847350120544,0.04455725476145744,0.5508787035942078,0.4528774619102478,0.5924642086029053,0.631637692451477,0.0,0.09616699814796448,0.22928105294704437,0.2716313302516937,0.5011296272277832,0.46842533349990845,0.4270053505897522,0.42369478940963745,0.5949501991271973,0.26518771052360535,0.689365565776825,0.6857870817184448,0.0,0.775678277015686,0.5847339630126953,0.43064337968826294,0.3972013592720032,0.4674657881259918,0.5662983655929565,0.376789391040802,0.43537747859954834,0.6608315706253052,0.6467768549919128,0.0,0.2713102102279663,0.07831981778144836,0.0,0.2245168536901474,0.01573968678712845,0.0294601172208786
50,0.8614243268966675,0.21359899640083313,0.0,0.6036227345466614,0.23855005204677582,0.5073727965354919,0.7288685441017151,0.0,0.4163415729999542,0.08061227202415466,0.4459628760814667,0.3040526211261749,0.4993206560611725,0.43302878737449646,0.5456582903862,0.4753526747226715,0.0999559536576271,0.3606853485107422,0.3931967318058014,0.01180539932101965,5.2826999308308586e-05,0.42832598090171814,0.25360193848609924,0.0,0.46594977378845215,0.5216480493545532,0.5033807158470154,0.18956246972084045,0.4275195300579071,0.7133766412734985,0.6789081692695618,0.40890851616859436,0.5306183695793152,0.42038264870643616,0.2138637751340866,0.43304261565208435,0.46943894028663635,0.6266989707946777,0.3353322446346283,0.6084373593330383,0.43209490180015564,0.6672061085700989,0.6214421391487122,0.0737108439207077,0.4941546618938446,0.48816996812820435,0.4257672131061554,0.22964821755886078,0.44978412985801697,0.2575325667858124,0.17148254811763763,0.19341054558753967,0.3743259012699127,0.3987550139427185,0.40117549896240234,0.5664919018745422,0.5775613784790039,0.36234304308891296,0.5487985610961914,0.7823960781097412,0.0,0.22997470200061798,0.26313135027885437,0.3168869912624359,0.5207685232162476,0.5512084364891052,0.6556608080863953,0.43639135360717773,0.43325334787368774,0.04200311005115509,0.5512480139732361,0.45318612456321716,0.5928420424461365,0.6309261918067932,0.0,0.09240793436765671,0.2317638248205185,0.2771076261997223,0.505286693572998,0.46994084119796753,0.42451173067092896,0.4212101101875305,0.5941587686538696,0.2654434144496918,0.6865073442459106,0.6859222650527954,0.0,0.7742942571640015,0.5876027941703796,0.42638760805130005,0.3965287208557129,0.4714447557926178,0.560235321521759,0.3762896656990051,0.4339752495288849,0.6616486310958862,0.6396380066871643,0.0,0.2592547833919525,0.05725343897938728,0.0,0.2218741476535797,0.0223099198192358,0.030334772542119026
